eom,buffett_exc,mkt_exc,smb,hml,rf
1976-11-30,0.149971763,0.0036,0.0232,0.0151,0.004
1976-12-31,0.1429178175,0.0565,0.0303,0.0227,0.004
1977-02-28,-0.003499,-0.0194,0.0104,0.0047,0.0035
1977-03-31,0.0740087806,-0.0137,0.01,0.0109,0.0038
1977-04-30,-0.014423278,0.0015,-0.0012,0.0338,0.0038
1977-05-31,0.058645,-0.0145,0.0118,0.0085,0.0037
1977-06-30,-0.003716,0.0471,0.0209,-0.0074,0.004
1977-07-31,-0.003873,-0.0169,0.0216,-0.0056,0.0042
1977-08-31,0.0146148438,-0.0175,0.0148,-0.027,0.0044
1977-09-30,0.0389392319,-0.0027,0.0134,-0.0052,0.0043
1977-10-31,0.0365316553,-0.0438,0.0125,0.0175,0.0049
1977-11-30,0.0835365749,0.04,0.0373,0.0026,0.005
1977-12-31,0.1457065096,0.0027,0.0132,-0.0029,0.0049
1978-01-31,-0.037176122,-0.0601,0.0224,0.0336,0.0049
1978-02-28,-0.001291365,-0.0138,0.0359,0.0083,0.0046
1978-04-30,0.0997425417,0.0788,0.0045,-0.0354,0.0054
1978-05-31,0.1459987934,0.0176,0.0456,-0.0052,0.0051
1978-06-30,-0.033940429,-0.0169,0.0166,0.0057,0.0054
1978-07-31,-0.005591,0.0511,0.0023,-0.0115,0.0056
1978-08-31,0.0385676482,0.0375,0.0506,-0.0051,0.0056
1978-09-30,-0.005964,-0.0143,-0.0043,0.0189,0.0062
1978-10-31,0.0544738321,-0.1191,-0.0986,0.0138,0.0068
1978-11-30,-0.099879198,0.0271,0.0297,-0.0215,0.007
1978-12-31,-0.089243346,0.0088,0.0129,-0.0213,0.0078
1979-01-31,0.0112262805,0.0423,0.0362,0.0219,0.0077
1979-02-28,0.0114260007,-0.0356,0.0045,0.0117,0.0073
1979-03-31,0.1383112678,0.0568,0.0326,-0.0071,0.0081
1979-04-30,0.0289441549,-6e-04,0.0215,0.0112,0.008
1979-06-30,0.1905956052,0.0385,0.0117,0.0144,0.0081
1979-07-31,0.3464286991,0.0082,0.0128,0.0186,0.0077
1979-08-31,0.1194781343,0.0553,0.0205,-0.0158,0.0077
1979-09-30,-0.035901014,-0.0082,-0.0027,-0.009,0.0083
1979-10-31,-0.183534047,-0.081,-0.0337,-0.0184,0.0087
1979-11-30,0.1129290185,0.0521,0.0287,-0.0329,0.0099
1979-12-31,0.021041,0.0179,0.0417,-0.021,0.0095
1980-01-31,0.0374865468,0.0551,0.0162,0.0175,0.008
1980-02-29,-0.010654,-0.0122,-0.0185,0.0061,0.0089
1980-03-31,-0.229400297,-0.129,-0.0664,-0.0101,0.0121
1980-04-30,0.0612090746,0.0397,0.0105,0.0106,0.0126
1980-05-31,0.130048034,0.0526,0.0213,0.0038,0.0081
1980-06-30,-0.066918062,0.0306,0.0166,-0.0076,0.0061
1980-07-31,0.1237512542,0.0649,0.0414,-0.0641,0.0053
1980-08-31,0.0940270015,0.018,0.0392,-0.026,0.0064
1980-09-30,0.010782519,0.0219,0.0098,-0.0459,0.0075
1980-10-31,0.0675211222,0.0106,0.0247,-0.0276,0.0095
1980-11-30,0.0384422787,0.0959,-0.0336,-0.0833,0.0096
1980-12-31,-0.03674787,-0.0452,-0.0026,0.0279,0.0131
1981-01-31,0.0073840401,-0.0504,0.0292,0.0672,0.0104
1981-02-28,0.1086331798,0.0057,-0.0034,0.0102,0.0107
1981-03-31,-0.018233142,0.0356,0.0354,0.0064,0.0121
1981-04-30,0.0606725746,-0.0211,0.044,0.0228,0.0108
1981-05-31,-0.00112219,0.0011,0.02,-0.0042,0.0115
1981-06-30,-0.038742906,-0.0236,-0.0083,0.0513,0.0135
1981-07-31,-0.060224177,-0.0154,-0.0219,-0.005,0.0124
1981-08-31,-0.012804,-0.0704,-0.0195,0.0476,0.0128
1981-09-30,-0.05847928,-0.0717,-0.0265,0.0517,0.0124
1981-10-31,0.0840596843,0.0492,0.0223,-0.0421,0.0121
1981-11-30,0.1346010749,0.0336,-0.0103,0.0183,0.0107
1981-12-31,-0.051110882,-0.0365,0.012,0.0081,0.0087
1982-01-31,-0.091376794,-0.0324,-0.0128,0.0319,0.008
1982-02-28,0.0004858356,-0.0586,0.0044,0.0605,0.0092
1982-03-31,-0.078062644,-0.0187,-0.0021,0.0381,0.0098
1982-04-30,0.0502484616,0.0327,0.0147,-0.027,0.0113
1982-05-31,-0.019253836,-0.0399,0.0052,0.0175,0.0106
1982-06-30,-0.025344146,-0.0309,-0.004,0.0153,0.0096
1982-07-31,-0.054764457,-0.0319,0.0083,9e-04,0.0105
1982-08-31,0.0123833881,0.1114,-0.0414,0.0095,0.0076
1982-09-30,0.126861689,0.0129,0.0295,0.0028,0.0051
1982-10-31,0.1111169304,0.113,0.0234,-0.0366,0.0059
1982-11-30,0.1132809307,0.0467,0.0467,-0.0187,0.0063
1982-12-31,0.1155747973,0.0055,-0.0022,-2e-04,0.0067
1983-01-31,-0.019643552,0.036,0.0273,-0.0075,0.0069
1983-02-28,0.0811926435,0.0259,0.0327,0.007,0.0062
1983-03-31,0.1543882836,0.0282,0.0173,0.0202,0.0063
1983-04-30,0.0007743077,0.0667,0.005,0.0049,0.0071
1983-05-31,0.0051386459,0.0052,0.0624,-0.014,0.0069
1983-06-30,-0.082037883,0.0307,0.0095,-0.039,0.0067
1983-07-31,0.033843871,-0.0407,0.015,0.0562,0.0074
1983-08-31,0.0673760154,-0.005,-0.0428,0.0554,0.0076
1983-09-30,0.2011308651,0.0091,0.0061,0.0101,0.0076
1983-10-31,0.0447758371,-0.0344,-0.0357,0.0497,0.0076
1983-11-30,0.0347857332,0.0216,0.0201,-0.0072,0.007
1983-12-31,-0.036343029,-0.0178,-0.0027,0.0173,0.0073
1984-01-31,0.0013509624,-0.0192,-0.0038,0.0758,0.0076
1984-02-29,-0.040972859,-0.0482,-0.0169,0.0333,0.0071
1984-03-31,-0.038227777,0.0063,7e-04,0.0046,0.0073
1984-04-30,-0.000145968,-0.0051,-0.0116,0.012,0.0081
1984-05-31,0.0218049708,-0.0597,6e-04,0.0031,0.0078
1984-06-30,-0.02676477,0.0182,-0.003,-0.0266,0.0075
1984-07-31,-0.02640206,-0.0274,-0.0221,0.0036,0.0082
1984-08-31,0.0319571587,0.1028,-0.0024,-0.0182,0.0083
1984-09-30,0.0032233149,-0.008,0.0017,0.0528,0.0086
1984-10-31,-0.013561066,-0.0084,-0.0123,0.0045,0.01
1984-11-30,-0.022572095,-0.0176,-0.0065,0.0406,0.0073
1984-12-31,-0.010791472,0.0184,-0.0056,-0.0026,0.0064
1985-01-31,0.0886716279,0.0799,0.0331,-0.0535,0.0065
1985-02-28,0.0613428835,0.0122,0.0079,-0.001,0.0058
1985-03-31,0.211447975,-0.0084,-0.0108,0.0407,0.0062
1985-04-30,0.0019847956,-0.0096,0.0014,0.0372,0.0072
1985-05-31,-0.000656594,0.0509,-0.0222,-0.0096,0.0066
1985-06-30,0.1503679788,0.0127,0.0052,0.0038,0.0055
1985-07-31,-0.024800651,-0.0074,0.0284,-0.0162,0.0062
1985-08-31,-0.038967357,-0.0102,-0.003,0.0232,0.0055
1985-09-30,0.0086568824,-0.0454,-0.0159,0.0129,0.006
1985-10-31,0.2596794893,0.0402,-0.0151,0.0075,0.0065
1985-11-30,-0.004247603,0.0648,0.0025,-0.0285,0.0061
1985-12-31,-0.065186621,0.0388,-0.0051,-0.0154,0.0065
1986-01-31,-0.091909537,0.0065,0.0121,0.0044,0.0056
1986-02-28,0.21865078,0.0713,-0.0054,-0.0072,0.0053
1986-03-31,0.1244717813,0.0488,-0.0059,-0.0039,0.006
1986-04-30,-0.072648696,-0.0131,0.0278,-0.0287,0.0052
1986-05-31,-0.02211613,0.0462,-0.0135,-0.0021,0.0049
1986-06-30,0.0349637888,0.0103,-0.0096,0.0128,0.0052
1986-07-31,-0.055431169,-0.0645,-0.0336,0.047,0.0052
1986-08-31,0.0219346725,0.0607,-0.0417,0.0351,0.0046
1986-09-30,-0.099610585,-0.086,0.0236,0.0322,0.0045
1986-10-31,0.091029097,0.0466,-0.025,-0.0142,0.0046
1986-11-30,-0.050880521,0.0117,-0.0191,-7e-04,0.0039
1986-12-31,0.0244300801,-0.0327,0.0013,0.0036,0.0049
1987-01-31,0.0951397807,0.1247,-0.0181,-0.0316,0.0042
1987-02-28,0.0795619697,0.0439,0.0349,-0.0591,0.0043
1987-03-31,0.0426070485,0.0164,0.0045,0.0161,0.0047
1987-04-30,-0.044057727,-0.0211,-0.0169,-0.0039,0.0044
1987-05-31,0.0051157398,0.0011,-0.005,0.0023,0.0038
1987-06-30,0.0213619628,0.0394,-0.0212,0.0104,0.0048
1987-07-31,0.1273705696,0.0385,-0.0069,0.0068,0.0046
1987-08-31,0.0028317578,0.0352,-0.0077,-0.0093,0.0047
1987-09-30,0.0528241102,-0.0259,0.0054,0.0027,0.0045
1987-10-31,-0.218125307,-0.2324,-0.0843,0.0424,0.006
1987-11-30,-0.131185553,-0.0777,0.0272,0.0295,0.0035
1987-12-31,0.0142533792,0.0681,0.0013,-0.0443,0.0039
1988-01-31,0.0243566437,0.0421,-0.0072,0.0501,0.0029
1988-02-29,0.0350399598,0.0475,0.0334,-0.0171,0.0046
1988-03-31,0.0828995895,-0.0227,0.0615,0.0073,0.0044
1988-04-30,0.0976127793,0.0056,0.01,0.0167,0.0046
1988-05-31,0.0346841012,-0.0029,-0.026,0.0242,0.0051
1988-06-30,0.0524928416,0.0479,0.0211,-0.0124,0.0049
1988-07-31,0.0431327693,-0.0125,-0.0025,0.0222,0.0051
1988-08-31,-0.011704126,-0.0331,4e-04,0.0215,0.0059
1988-09-30,0.1036815871,0.033,-0.0131,-0.0075,0.0062
1988-10-31,-0.021699,0.0115,-0.0293,0.0205,0.0061
1988-11-30,-0.011033005,-0.0229,-0.0172,0.0141,0.0057
1988-12-31,-0.006306,0.0149,0.0195,-0.0169,0.0063
1989-01-31,0.0421063422,0.061,-0.0223,0.006,0.0055
1989-02-28,-0.046719136,-0.0225,0.0282,0.0101,0.0061
1989-03-31,0.0414060485,0.0157,0.0067,0.0058,0.0067
1989-04-30,0.2608667707,0.0433,-0.0068,-0.0142,0.0067
1989-05-31,0.0158983832,0.0335,-5e-04,-0.0088,0.0079
1989-06-30,0.016199303,-0.0135,-0.0102,0.0225,0.0071
1989-07-31,0.1336444109,0.072,-0.0414,-0.0279,0.007
1989-08-31,0.0566493325,0.0144,0.0056,0.006,0.0074
1989-09-30,0.0751177026,-0.0076,0.0032,-0.0127,0.0065
1989-10-31,-0.020153334,-0.0367,-0.0323,-0.0111,0.0068
1989-11-30,-0.036892292,0.0103,-0.0124,-0.0109,0.0069
1989-12-31,0.0455741508,0.0116,-0.0236,0.0016,0.0061
1990-01-31,-0.146486,-0.0785,-0.0124,0.0085,0.0057
1990-02-28,-0.036669778,0.0111,0.0099,0.0064,0.0057
1990-03-31,-0.075584152,0.0183,0.015,-0.0292,0.0064
1990-04-30,-0.010546472,-0.0336,-0.0046,-0.0259,0.0069
1990-05-31,0.0607601827,0.0842,-0.0253,-0.0383,0.0068
1990-06-30,0.0010950069,-0.0109,0.014,-0.0193,0.0063
1990-07-31,-0.034481778,-0.019,-0.0312,-3e-04,0.0068
1990-08-31,-0.091868288,-0.1015,-0.0357,0.0164,0.0066
1990-09-30,-0.08801525,-0.0612,-0.0365,0.0064,0.006
1990-10-31,0.006206957,-0.0192,-0.0557,0.001,0.0068
1990-11-30,0.0607355581,0.0635,0.0043,-0.031,0.0057
1990-12-31,0.0460204559,0.0246,0.0081,-0.017,0.006
1991-01-31,0.1039772287,0.0469,0.0381,-0.016,0.0052
1991-02-28,0.086449214,0.0719,0.0395,-0.0058,0.0048
1991-03-31,-0.01058295,0.0265,0.0393,-0.0139,0.0044
1991-04-30,0.0071260588,-0.0028,0.0048,0.015,0.0053
1991-05-31,0.0724620798,0.0365,-0.004,-0.0052,0.0047
1991-06-30,-0.044170999,-0.0494,0.0013,0.0115,0.0042
1991-07-31,0.0100409524,0.0424,-0.0092,-0.0132,0.0049
1991-08-31,0.0247155132,0.0232,0.0158,-0.0078,0.0046
1991-09-30,0.0068380113,-0.0159,0.0164,-0.0108,0.0046
1991-10-31,-0.038612198,0.0129,0.0081,-0.0047,0.0042
1991-11-30,-0.029585946,-0.0419,-0.005,-0.0189,0.0039
1991-12-31,0.0800403385,0.1084,-0.0224,-0.0417,0.0038
1992-01-31,-0.025158448,-0.0059,0.0846,0.0471,0.0034
1992-02-29,-0.016952294,0.0109,0.0087,0.0647,0.0028
1992-03-31,0.0224119663,-0.0266,-0.0104,0.0356,0.0034
1992-04-30,0.0162500728,0.0107,-0.0606,0.0434,0.0032
1992-05-31,-0.005497726,0.003,0.0041,0.0119,0.0028
1992-06-30,0.0105352638,-0.0234,-0.0307,0.0324,0.0032
1992-07-31,0.029628324,0.0377,-0.0047,-0.0056,0.0031
1992-08-31,-0.04459975,-0.0238,-0.0013,-0.011,0.0026
1992-09-30,0.0275639857,0.0119,0.0054,-0.0026,0.0026
1992-10-31,0.0056927234,0.0102,0.0209,-0.0198,0.0023
1992-11-30,0.1295801193,0.0413,0.0376,-0.0135,0.0023
1992-12-31,0.0933010933,0.0153,0.0169,0.0262,0.0028
1993-01-31,0.027452235,0.0093,0.0189,0.0594,0.0023
1993-02-28,0.0287827349,0.0012,-0.0348,0.0642,0.0022
1993-03-31,0.0195060887,0.023,0.0024,0.0118,0.0025
1993-04-30,-0.010215138,-0.0305,-0.0067,0.0249,0.0024
1993-05-31,0.18360275,0.0289,0.0204,-0.0342,0.0022
1993-06-30,0.0239106673,0.0031,-0.0029,0.0275,0.0025
1993-07-31,0.036559038,-0.0034,0.0096,0.0285,0.0024
1993-08-31,0.0927824985,0.0371,0.0013,0.0013,0.0025
1993-09-30,-0.05085814,-0.0012,0.0304,-0.0031,0.0026
1993-10-31,0.0322727585,0.0141,0.0203,-0.0276,0.0022
1993-11-30,-0.002477,-0.0189,-0.0125,-0.0074,0.0025
1993-12-31,-0.055886188,0.0165,0.0123,0.0032,0.0023
1994-01-31,-0.010159968,0.0287,0.0034,0.0115,0.0025
1994-02-28,-0.048416295,-0.0255,0.028,-0.0154,0.0021
1994-03-31,0.0282753365,-0.0478,-0.0108,0.016,0.0027
1994-04-30,0.0082780113,0.0068,-0.0093,0.0166,0.0027
1994-05-31,-0.00315,0.0058,-0.0215,0.0067,0.0031
1994-06-30,-0.003118,-0.0303,-0.0041,0.0167,0.0031
1994-07-31,0.2146402972,0.0282,-0.0181,0.0058,0.0028
1994-08-31,-0.029197205,0.0401,0.0145,-0.0251,0.0037
1994-09-30,-0.011512403,-0.0231,0.0314,-0.0189,0.0037
1994-10-31,0.0647615859,0.0134,-0.0224,-0.0162,0.0038
1994-11-30,0.0098892468,-0.0404,0.0025,-0.007,0.0037
1994-12-31,-0.010520134,0.0086,0.0022,-0.0013,0.0044
1995-01-31,0.2017263556,0.018,-0.035,0.0257,0.0042
1995-02-28,-0.098495194,0.0363,-0.0066,0.0108,0.004
1995-03-31,0.0127010171,0.0219,-0.0016,-0.0215,0.0046
1995-04-30,-0.050807617,0.0211,-0.0049,0.0171,0.0044
1995-05-31,0.0455709254,0.029,-0.0255,0.0229,0.0054
1995-06-30,0.0283256481,0.0272,0.0318,-0.0254,0.0047
1995-07-31,0.0509150992,0.0372,0.0207,-0.0162,0.0045
1995-08-31,0.0256660312,0.0055,0.0135,0.0279,0.0047
1995-09-30,0.1486321823,0.0335,-0.022,-4e-04,0.0043
1995-10-31,-0.00131264,-0.0152,-0.0378,-0.005,0.0047
1995-11-30,0.0569089508,0.0396,-0.0109,0.0051,0.0042
1995-12-31,0.020677105,0.0103,0.007,0.0022,0.0049
1996-01-31,-0.010508529,0.0226,-0.0273,0.0038,0.0043
1996-02-29,0.1089446628,0.0133,0.0179,-0.0108,0.0039
1996-03-31,-0.050421875,0.0073,0.0149,0.0035,0.0039
1996-04-30,-0.014918734,0.0206,0.0523,-0.0402,0.0046
1996-05-31,-0.093534239,0.0236,0.0317,-0.0083,0.0042
1996-06-30,0.0025573771,-0.0114,-0.0401,0.0235,0.004
1996-07-31,0.0020176578,-0.0597,-0.0431,0.0514,0.0045
1996-08-31,0.0088229842,0.0277,0.0244,-0.0074,0.0041
1996-09-30,0.0227815504,0.0501,-0.0098,-0.0272,0.0044
1996-10-31,0.0035300499,0.0086,-0.0444,0.0494,0.0042
1996-11-30,0.0207503582,0.0625,-0.0402,0.0139,0.0041
1996-12-31,0.0227044346,-0.017,0.0316,0.0131,0.0046
1997-01-31,0.0165138601,0.0499,-0.0195,-0.0142,0.0045
1997-02-28,0.0163269434,-0.0049,-0.0322,0.0567,0.0039
1997-03-31,0.0154083099,-0.0503,-0.0036,0.0339,0.0043
1997-04-30,0.0454107556,0.0404,-0.0577,7e-04,0.0043
1997-05-31,0.1273159521,0.0674,0.0519,-0.0413,0.0049
1997-06-30,0.093930422,0.041,0.0122,0.0158,0.0037
1997-07-31,-0.004294,0.0733,-0.0274,0.0026,0.0043
1997-08-31,-0.124820713,-0.0415,0.0728,0.0118,0.0041
1997-09-30,0.0749420723,0.0535,0.0253,0.0037,0.0044
1997-10-31,-0.028464571,-0.038,-0.0073,0.0227,0.0042
1997-11-30,0.0328402706,0.0298,-0.0512,0.012,0.0039
1997-12-31,0.0108235386,0.0132,-0.0248,0.0384,0.0048
1998-01-31,0.0892742624,0.0015,-0.0107,-0.0163,0.0043
1998-02-28,0.1054969385,0.0704,0.0032,-0.0085,0.0039
1998-03-31,0.1998160741,0.0476,-0.0114,0.0139,0.0039
1998-04-30,0.016525334,0.0073,7e-04,0.0094,0.0043
1998-05-31,0.0268072452,-0.0307,-0.0338,0.0344,0.004
1998-06-30,0.1035461837,0.0318,-0.0321,-0.0196,0.0041
1998-07-31,-0.10859173,-0.0246,-0.0491,-0.0178,0.004
1998-08-31,-0.141020771,-0.1608,-0.0569,0.0353,0.0043
1998-09-30,-0.018751033,0.0615,9e-04,-0.0342,0.0046
1998-10-31,0.0788617653,0.0713,-0.0312,-0.0223,0.0032
1998-11-30,0.0494801781,0.061,0.0123,-0.0325,0.0031
1998-12-31,0.027148835,0.0616,-0.005,-0.0419,0.0038
1999-01-31,-0.074922575,0.035,0.0075,-0.046,0.0035
1999-02-28,0.0904741572,-0.0408,-0.0608,0.0192,0.0035
1999-03-31,0.0001434091,0.0345,-0.038,-0.0274,0.0043
1999-04-30,0.0662440145,0.0433,0.0391,0.0246,0.0037
1999-05-31,-0.061054625,-0.0246,0.0334,0.0235,0.0034
1999-06-30,-0.047153557,0.0477,0.031,-0.0319,0.004
1999-07-31,-0.019550599,-0.0349,0.026,-0.0044,0.0038
1999-08-31,-0.057043172,-0.0138,-0.0094,-0.0187,0.0039
1999-09-30,-0.147007187,-0.0279,0.0341,-0.0349,0.0039
1999-10-31,0.1582371765,0.0612,-0.0664,-0.0337,0.0039
1999-11-30,-0.107097386,0.0337,0.0721,-0.0612,0.0036
1999-12-31,-0.024706409,0.0772,0.0703,-0.0833,0.0044
2000-01-31,-0.091687028,-0.0474,0.0577,-0.0188,0.0041
2000-02-29,-0.14492,0.0245,0.2136,-0.0959,0.0043
2000-03-31,0.2956230119,0.052,-0.172,0.0813,0.0047
2000-04-30,0.0321182872,-0.064,-0.0668,0.0726,0.0046
2000-05-31,-0.016586384,-0.0442,-0.0605,0.0475,0.005
2000-06-30,-0.085655266,0.0464,0.1284,-0.0842,0.004
2000-07-31,0.0193915684,-0.0251,-0.0307,0.0831,0.0048
2000-08-31,0.0421849335,0.0703,-0.0061,-0.0139,0.005
2000-09-30,0.1110248499,-0.0545,-0.0182,0.0717,0.0051
2000-10-31,-0.016086565,-0.0276,-0.0388,0.0571,0.0056
2000-11-30,0.0295708907,-0.1072,-0.0341,0.123,0.0051
2000-12-31,0.0724809853,0.0119,0.0073,0.0761,0.005
2001-01-31,-0.041862719,0.0313,0.0668,-0.0507,0.0054
2001-02-28,0.024124778,-0.1005,-0.0078,0.1247,0.0038
2001-03-31,-0.073310044,-0.0726,0.0025,0.0642,0.0042
2001-04-30,0.035097038,0.0794,0.0055,-0.0467,0.0039
2001-05-31,0.007111118,0.0072,0.025,0.0336,0.0032
2001-06-30,0.0074112287,-0.0194,0.0624,-0.0112,0.0028
2001-07-31,-0.005880844,-0.0213,-0.0419,0.0521,0.003
2001-08-31,-0.000105827,-0.0646,0.0248,0.0231,0.0031
2001-09-30,0.0059155336,-0.0925,-0.0623,0.0145,0.0028
2001-10-31,0.0149888565,0.0246,0.0748,-0.0765,0.0022
2001-11-30,-0.018602932,0.0754,-0.0047,0.0221,0.0017
2001-12-31,0.0785159982,0.016,0.0474,0.0084,0.0015
2002-01-31,-0.023876772,-0.0144,0.0119,0.0344,0.0014
2002-02-28,-0.013463619,-0.0229,-0.0101,0.0216,0.0013
2002-03-31,-0.027368398,0.0424,0.0421,0.0106,0.0013
2002-04-30,0.0315060384,-0.052,0.0596,0.0388,0.0015
2002-05-31,0.014214909,-0.0138,-0.0321,0.0153,0.0014
2002-06-30,-0.105869641,-0.0721,0.0429,-5e-04,0.0013
2002-07-31,0.0209480907,-0.0818,-0.0528,-0.0385,0.0015
2002-08-31,0.0674120541,0.005,-0.0286,0.0328,0.0014
2002-09-30,0.0109147672,-0.1035,0.024,0.0147,0.0014
2002-10-31,0.0025902217,0.0784,-0.0341,-0.0395,0.0014
2002-11-30,-0.026641131,0.0596,0.0318,-0.0123,0.0012
2002-12-31,0.0051450665,-0.0576,9e-04,0.0214,0.0011
2003-01-31,-0.07172438,-0.0257,0.0133,-0.0083,0.001
2003-02-28,-0.088149105,-0.0188,-0.0045,-0.0139,9e-04
2003-03-31,0.0330156566,0.0109,0.0102,-0.0193,0.001
2003-04-30,0.0933399987,0.0822,0.0063,0.0114,0.001
2003-05-31,0.0160704303,0.0605,0.0467,0.004,9e-04
2003-06-30,0.0201427602,0.0142,0.0174,0.0011,0.001
2003-07-31,-0.00743262,0.0235,0.0506,-0.0124,7e-04
2003-08-31,0.0515954046,0.0234,0.0259,0.0153,7e-04
2003-09-30,-0.011092648,-0.0124,0.008,0.0016,8e-04
2003-10-31,0.0367666676,0.0608,0.027,0.0197,7e-04
2003-11-30,0.0756148036,0.0135,0.0208,0.0178,7e-04
2003-12-31,0.0051391493,0.0429,-0.0268,0.016,8e-04
2004-01-31,0.0614998449,0.0215,0.0255,0.0249,7e-04
2004-02-29,0.0553609085,0.014,-0.0158,0.009,6e-04
2004-03-31,-0.013542413,-0.0132,0.0172,0.0027,9e-04
2004-04-30,0.0001696302,-0.0183,-0.0168,-0.031,8e-04
2004-05-31,-0.047610173,0.0117,-0.002,-0.0025,6e-04
2004-06-30,-0.001378798,0.0186,0.0226,0.0118,8e-04
2004-07-31,-0.020030861,-0.0406,-0.0381,0.0324,0.001
2004-08-31,-0.00398133,8e-04,-0.0148,0.0097,0.0011
2004-09-30,-0.005207988,0.016,0.0301,0,0.0011
2004-10-31,-0.028826634,0.0143,0.0015,-0.0022,0.0011
2004-11-30,-0.00806919,0.0454,0.0374,0.0141,0.0015
2004-12-31,0.0485072133,0.0343,-3e-04,-0.0022,0.0016
2005-01-31,0.0210921288,-0.0276,-0.0172,0.0206,0.0016
2005-02-28,0.0016960412,0.0189,-0.0057,0.0154,0.0016
2005-03-31,-0.037599718,-0.0197,-0.014,0.0204,0.0021
2005-04-30,-0.032531771,-0.0261,-0.0394,7e-04,0.0021
2005-05-31,-0.005358841,0.0365,0.0289,-0.0064,0.0024
2005-06-30,-0.009397364,0.0057,0.0258,0.0283,0.0023
2005-07-31,-0.002383,0.0392,0.0291,-0.0079,0.0024
2005-08-31,-0.007111617,-0.0122,-0.0097,0.0132,0.003
2005-09-30,-0.016678427,0.0049,-0.0065,0.0071,0.0029
2005-10-31,0.044832975,-0.0202,-0.0125,0.0042,0.0027
2005-11-30,0.0375836381,0.0361,0.0099,-0.0116,0.0031
2005-12-31,-0.011773938,-0.0025,-0.0042,0.002,0.0032
2006-01-31,0.006329197,0.0304,0.0539,0.0108,0.0035
2006-02-28,-0.033381224,-0.003,-0.0038,-0.0034,0.0034
2006-03-31,0.0372566174,0.0146,0.0344,0.006,0.0037
2006-04-30,-0.018500893,0.0073,-0.0142,0.0234,0.0036
2006-05-31,0.0327712903,-0.0357,-0.0296,0.0241,0.0043
2006-06-30,-0.010807144,-0.0035,-0.0039,0.0085,0.004
2006-07-31,-0.00461969,-0.0078,-0.0398,0.026,0.004
2006-08-31,0.0448108872,0.0203,0.0103,-0.0206,0.0042
2006-09-30,-0.007137627,0.0184,-0.0136,8e-04,0.0041
2006-10-31,0.0969156514,0.0323,0.0175,-0.0031,0.0041
2006-11-30,0.011163494,0.0171,0.007,0.0014,0.0042
2006-12-31,0.0229481272,0.0087,-0.0114,0.0273,0.004
2007-01-31,-0.003782496,0.014,0.0013,-0.0068,0.0044
2007-02-28,-0.038911964,-0.0196,0.0119,-0.0014,0.0038
2007-03-31,0.022110832,0.0068,0.0016,-0.0097,0.0043
2007-04-30,-0.002421218,0.0349,-0.0216,-0.0145,0.0044
2007-05-31,-0.001390322,0.0324,0.0024,-0.0065,0.0041
2007-06-30,-0.004054999,-0.0196,0.0074,-0.0105,0.004
2007-07-31,0.0008336156,-0.0373,-0.0261,-0.0371,0.004
2007-08-31,0.0720677261,0.0092,-0.0012,-0.0186,0.0042
2007-09-30,-0.002333401,0.0322,-0.0223,-0.0221,0.0032
2007-10-31,0.1148371075,0.018,8e-04,-0.0298,0.0032
2007-11-30,0.0539634922,-0.0483,-0.0293,-0.0094,0.0034
2007-12-31,0.007785638,-0.0087,0.0013,-0.0055,0.0027
2008-01-31,-0.041978021,-0.0636,-0.0103,0.0397,0.0021
2008-02-29,0.0280867648,-0.0309,-0.0043,-0.0084,0.0013
2008-03-31,-0.049011856,-0.0093,0.0071,0.003,0.0017
2008-04-30,0.0023483132,0.046,-0.0172,-0.0094,0.0018
2008-05-31,0.0050308399,0.0186,0.0296,-0.0143,0.0018
2008-06-30,-0.104980596,-0.0844,0.0123,-0.0271,0.0017
2008-07-31,-0.053613913,-0.0077,0.0261,0.0542,0.0015
2008-08-31,0.0175034953,0.0153,0.036,0.0159,0.0013
2008-09-30,0.1185386097,-0.0924,-0.0123,0.0591,0.0015
2008-10-31,-0.11648878,-0.1723,-0.026,-0.023,8e-04
2008-11-30,-0.09971713,-0.0786,-0.0285,-0.0631,3e-04
2008-12-31,-0.071182849,0.0174,0.0346,0.0014,0
2009-01-31,-0.073501259,-0.0812,7e-04,-0.1129,0
2009-02-28,-0.121954337,-0.101,5e-04,-0.0695,1e-04
2009-03-31,0.1028944357,0.0895,3e-04,0.0347,2e-04
2009-04-30,0.0840733855,0.1018,0.054,0.0536,1e-04
2009-05-31,-0.025548914,0.0521,-0.0252,0.0028,0
2009-06-30,-0.017542249,0.0043,0.0263,-0.0273,1e-04
2009-07-31,0.0776587806,0.0772,0.0187,0.0483,1e-04
2009-08-31,0.0395747218,0.0333,-0.0108,0.0763,1e-04
2009-09-30,0.0014083574,0.0408,0.0243,0.0105,1e-04
2009-10-31,-0.01984198,-0.0259,-0.0435,-0.0421,0
2009-11-30,0.0161576169,0.0556,-0.024,-0.0034,0
2009-12-31,-0.013978501,0.0275,0.0605,-0.0017,1e-04
2010-01-31,0.1552139364,-0.0336,0.004,0.0043,0
2010-02-28,0.0453652168,0.034,0.0119,0.0323,0
2010-03-31,0.0166264917,0.0631,0.0148,0.0221,1e-04
2010-04-30,-0.053271921,0.02,0.0487,0.0289,1e-04
2010-05-31,-0.08175085,-0.0789,9e-04,-0.0244,1e-04
2010-06-30,0.1329104777,-0.0557,-0.0182,-0.047,1e-04
2010-07-31,-0.025142,0.0693,0.002,-0.0031,1e-04
2010-08-31,0.0141902394,-0.0477,-0.03,-0.019,1e-04
2010-09-30,0.0489586315,0.0954,0.0396,-0.0316,1e-04
2010-10-31,-0.041879068,0.0388,0.0114,-0.0243,1e-04
2010-11-30,0.0074300067,0.006,0.0377,-0.0096,1e-04
2010-12-31,0.0019398668,0.0682,0.0073,0.037,1e-04
2011-01-31,0.0163308448,0.0199,-0.025,0.0083,1e-04
2011-02-28,0.0723713669,0.0349,0.0153,0.0127,1e-04
2011-03-31,-0.045763877,0.0046,0.0254,-0.0183,1e-04
2011-04-30,-0.004442465,0.029,-0.0038,-0.0243,0
2011-05-31,-0.047908793,-0.0127,-0.0059,-0.0212,0
2011-06-30,-0.022514478,-0.0175,-0.0012,-0.0042,0
2011-07-31,-0.039634376,-0.0235,-0.0126,-0.009,0
2011-08-31,-0.015607664,-0.0599,-0.0305,-0.0236,1e-04
2011-09-30,-0.027046709,-0.0759,-0.0331,-0.0172,0
2011-10-31,0.0950234529,0.1135,0.0328,0.001,0
2011-11-30,0.0132495268,-0.0028,-0.0016,-0.0046,0
2011-12-31,-0.031603377,0.0074,-0.0059,0.0163,0
2012-01-31,0.0276260688,0.0505,0.0204,-0.0097,0
2012-02-29,4.53197e-05,0.0442,-0.0185,0.0043,0
2012-03-31,0.0335829778,0.0311,-0.0064,0.0114,0
2012-04-30,-0.00905279,-0.0085,-0.0042,-0.0078,0
2012-05-31,-0.016207383,-0.0619,7e-04,-0.0107,1e-04
2012-06-30,0.0512611286,0.0389,0.0067,0.0062,0
2012-07-31,0.0199768043,0.0079,-0.0274,-2e-04,0
2012-08-31,-0.006994969,0.0255,0.0047,0.013,1e-04
2012-09-30,0.0484483794,0.0273,0.005,0.016,1e-04
2012-10-31,-0.024113866,-0.0176,-0.0115,0.0359,1e-04
2012-11-30,0.0185320414,0.0078,0.0063,-0.0084,1e-04
2012-12-31,0.0161497673,0.0118,0.0148,0.0351,1e-04
2013-01-31,0.0881101803,0.0557,0.0033,0.0096,0
2013-02-28,0.0460471156,0.0129,-0.0027,0.0011,0
2013-03-31,0.0240743333,0.0403,0.0081,-0.0019,0
2013-04-30,0.0173676587,0.0155,-0.0237,0.0045,0
2013-05-31,0.0773464917,0.028,0.017,0.0263,0
2013-06-30,-0.015774821,-0.012,0.0133,3e-04,0
2013-07-31,0.0314263481,0.0565,0.0187,0.0057,0
2013-08-31,-0.039399456,-0.0271,0.0027,-0.0269,0
2013-09-30,0.0201057383,0.0377,0.0288,-0.0122,0
2013-10-31,0.0151511053,0.0418,-0.0153,0.0125,0
2013-11-30,0.0101139883,0.0313,0.0129,0.0032,0
2013-12-31,0.0180027503,0.0281,-0.0046,-2e-04,0
2014-01-31,-0.047162612,-0.0332,0.0089,-0.0207,0
2014-02-28,0.0247089766,0.0465,0.0035,-0.0031,0
2014-03-31,0.0785066329,0.0043,-0.0181,0.0493,0
2014-04-30,0.0316097828,-0.0019,-0.0419,0.0117,0
2014-05-31,-0.006604818,0.0206,-0.0188,-0.0013,0
2014-06-30,-0.010954896,0.0261,0.0309,-0.007,0
2014-07-31,-0.009367899,-0.0204,-0.0429,3e-04,0
2014-08-31,0.0943815585,0.0424,0.004,-0.0045,0
2014-09-30,0.0049503423,-0.0197,-0.0371,-0.0134,0
2014-10-31,0.0149710841,0.0252,0.0421,-0.0181,0
2014-11-30,0.0622152851,0.0255,-0.0206,-0.0309,0
2014-12-31,0.0131525996,-6e-04,0.0249,0.0227,0
2015-01-31,-0.044858134,-0.0311,-0.0056,-0.0358,0
2015-02-28,0.0246428704,0.0613,0.0063,-0.0186,0
2015-03-31,-0.016630033,-0.0112,0.0304,-0.0037,0
2015-04-30,-0.018879574,0.0059,-0.0306,0.0182,0
2015-05-31,0.00656545,0.0136,0.0093,-0.0114,0
2015-06-30,-0.046326159,-0.0153,0.0291,-0.0079,0
2015-07-31,0.0447038305,0.0154,-0.0417,-0.0413,0
2015-08-31,-0.053620457,-0.0604,0.0033,0.0277,0
2015-09-30,-0.035993428,-0.0307,-0.0262,0.0056,0
2015-10-31,0.0479475064,0.0775,-0.0188,-0.0046,0
2015-11-30,-0.015836536,0.0056,0.036,-0.0042,0
2015-12-31,-0.017782777,-0.0217,-0.0284,-0.0261,1e-04
2016-01-31,-0.01742783,-0.0577,-0.0342,0.0209,1e-04
2016-02-29,0.0419585211,-7e-04,0.0073,-0.0057,2e-04
2016-03-31,0.053597861,0.0696,0.0082,0.0119,2e-04
2016-04-30,0.025950405,0.0091,0.0076,0.0328,1e-04
2016-05-31,-0.033471164,0.0178,-0.0017,-0.0166,1e-04
2016-06-30,0.0247535431,-5e-04,0.0061,-0.0148,2e-04
2016-07-31,-0.004664605,0.0395,0.0249,-0.0132,2e-04
2016-08-31,0.045020186,0.0049,0.0115,0.0318,2e-04
2016-09-30,-0.042476264,0.0025,0.0212,-0.0124,2e-04
2016-10-31,-0.002572958,-0.0202,-0.044,0.0409,2e-04
2016-11-30,0.0986122592,0.0486,0.0571,0.0821,1e-04
2016-12-31,0.0298074127,0.0182,0.001,0.0353,3e-04
2017-01-31,0.0072587402,0.0194,-0.0119,-0.0275,4e-04
2017-02-28,0.044841202,0.0357,-0.0205,-0.0167,4e-04
2017-03-31,-0.028552144,0.0017,0.0114,-0.0335,3e-04
2017-04-30,-0.008821971,0.0109,0.0073,-0.0213,5e-04
2017-05-31,0.0020496533,0.0106,-0.0257,-0.0378,6e-04
2017-06-30,0.0245802303,0.0078,0.0225,0.0148,6e-04
2017-07-31,0.0310251549,0.0187,-0.0151,-0.0031,7e-04
2017-08-31,0.0321427914,0.0016,-0.0167,-0.021,9e-04
2017-09-30,0.011176096,0.0251,0.0447,0.0313,9e-04
2017-10-31,0.0200160824,0.0225,-0.0194,0.002,9e-04
2017-11-30,0.0385008429,0.0312,-0.0055,-3e-04,8e-04
2017-12-31,0.0200422427,0.0106,-0.0132,6e-04,9e-04
2018-01-31,0.0854888553,0.0557,-0.0312,-0.0129,0.0012
2018-02-28,-0.041660831,-0.0365,0.0026,-0.0104,0.0011
2018-03-31,-0.036199758,-0.0235,0.0406,-0.0021,0.0011
2018-04-30,-0.029684421,0.0028,0.0113,0.0054,0.0014
2018-05-31,-0.013270946,0.0265,0.0526,-0.0322,0.0014
2018-06-30,-0.019374574,0.0048,0.0113,-0.0233,0.0014
2018-07-31,0.0676165877,0.0319,-0.0222,0.0045,0.0016
2018-08-31,0.0456808439,0.0344,0.0115,-0.04,0.0016
2018-09-30,0.0118098535,6e-04,-0.0229,-0.017,0.0015
2018-10-31,-0.040312156,-0.0768,-0.0474,0.0341,0.0019
2018-11-30,0.0576612963,0.0169,-0.0068,0.0028,0.0018
2018-12-31,-0.063279694,-0.0957,-0.0237,-0.0188,0.002
2019-01-31,0.016053857,0.084,0.0289,-0.0044,0.0021
2019-02-28,-0.031664538,0.034,0.0207,-0.027,0.0018
2019-03-31,-0.005194431,0.011,-0.0306,-0.0413,0.0019
2019-04-30,0.0771041239,0.0397,-0.0172,0.0215,0.0021
2019-05-31,-0.088177165,-0.0694,-0.0131,-0.0237,0.0021
2019-06-30,0.0698160198,0.0693,0.0028,-0.007,0.0018
2019-07-31,-0.03220235,0.0119,-0.0193,0.0047,0.0019
2019-08-31,-0.020011711,-0.0258,-0.0239,-0.0479,0.0016
2019-09-30,0.0270966546,0.0143,-0.0096,0.0675,0.0018
2019-10-31,0.0212601174,0.0206,0.003,-0.019,0.0016
2019-11-30,0.035035926,0.0388,0.0079,-0.0201,0.0012
2019-12-31,0.0260880361,0.0277,0.0074,0.0177,0.0014
2020-01-31,-0.01174735,-0.0011,-0.0312,-0.0628,0.0013
2020-02-29,-0.081268475,-0.0813,0.0107,-0.038,0.0012
2020-03-31,-0.121282496,-0.1338,-0.0482,-0.1383,0.0013
2020-04-30,0.0356587644,0.1365,0.0246,-0.0134,0
2020-05-31,-0.01092162,0.0558,0.0249,-0.0486,1e-04
2020-06-30,-0.040808675,0.0246,0.0269,-0.0221,1e-04
2020-07-31,0.0984112926,0.0577,-0.0231,-0.0141,1e-04
2020-08-31,0.1154707879,0.0763,-0.0024,-0.0297,1e-04
2020-09-30,-0.023152689,-0.0363,2e-04,-0.027,1e-04
2020-10-31,-0.054763454,-0.021,0.0438,0.0423,1e-04
2020-11-30,0.136092675,0.1247,0.058,0.0206,1e-04
2020-12-31,0.0119479843,0.0463,0.0488,-0.0151,1e-04
2021-01-31,-0.010726965,-3e-04,0.0737,0.0304,1e-04
2021-02-28,0.059472581,0.0278,0.0206,0.0709,0
2021-03-31,0.0579081597,0.0308,-0.0236,0.074,0
2021-04-30,0.0694645118,0.0493,-0.0319,-0.0097,0
2021-05-31,0.0569646985,0.0029,-0.0021,0.0708,0
2021-06-30,-0.039909962,0.0275,0.0166,-0.0784,0
2021-07-31,0.000683284,0.0127,-0.0397,-0.0184,0
2021-08-31,0.0262102509,0.0291,-0.0041,-0.0019,0
2021-09-30,-0.043115111,-0.0437,0.0068,0.0515,0
2021-10-31,0.0522821504,0.0665,-0.0235,-0.0045,0
2021-11-30,-0.037063927,-0.0155,-0.0131,-0.0044,0
2021-12-31,0.0809786797,0.031,-0.0168,0.0325,1e-04
2022-01-31,0.0424335109,-0.0625,-0.0595,0.1288,0
2022-02-28,0.0135946732,-0.0229,0.022,0.0311,0
2022-03-31,0.1106402273,0.0305,-0.0162,-0.0181,1e-04
2022-04-30,-0.08432369,-0.0946,-0.0139,0.062,1e-04
2022-05-31,-0.021552407,-0.0034,-0.0184,0.0848,3e-04
2022-06-30,-0.137894284,-0.0843,0.021,-0.0601,6e-04
2022-07-31,0.1037240044,0.0957,0.028,-0.0405,8e-04
2022-08-31,-0.069184593,-0.0377,0.014,0.0029,0.0019
2022-09-30,-0.037147891,-0.0935,-0.0082,5e-04,0.0019
2022-10-31,0.0925877567,0.0783,7e-04,0.0802,0.0023
2022-11-30,0.0763036472,0.046,-0.035,0.0138,0.0029
2022-12-31,-0.027467098,-0.0641,-0.007,0.0136,0.0033
2023-01-31,0.0056444948,0.0665,0.05,-0.0402,0.0035
2023-02-28,-0.023481517,-0.0258,0.0117,-0.008,0.0034
2023-03-31,0.0008385654,0.0251,-0.0552,-0.0887,0.0036
2023-04-30,0.0764286628,0.0061,-0.0335,-5e-04,0.0035
2023-05-31,-0.033203841,0.0035,0.016,-0.0772,0.0036
2023-06-30,0.056955953,0.0646,0.0154,-0.0025,0.004
2023-07-31,0.0295789872,0.0321,0.0207,0.0409,0.0045
2023-08-31,0.0166154088,-0.0239,-0.0312,-0.0112,0.0045
2023-09-30,-0.032156706,-0.0524,-0.0249,0.0151,0.0043
2023-10-31,-0.030401907,-0.0318,-0.0386,0.0017,0.0047
2023-11-30,0.0497931597,0.0884,-1e-04,0.0161,0.0044
2023-12-31,-0.010265267,0.0487,0.0634,0.0493,0.0043
