eom,us_stock_market,treasury10yr,tbil
1925-12-31,,,
1926-01-31,0.000561,,0.002951
1926-02-28,-0.033046,,0.002768
1926-03-31,-0.064002,,0.002778
1926-04-30,0.037029,,0.003072
1926-05-31,0.012095,,0.000342
1926-06-30,0.053664,,0.003459
1926-07-31,0.031411,,0.002243
1926-08-31,0.028647,,0.002536
1926-09-30,0.005787,,0.002273
1926-10-31,-0.028996,,0.003195
1926-11-30,0.028554,,0.003093
1926-12-31,0.029211,,0.002778
1927-01-31,0.002416,,0.002463
1927-02-28,0.04537,,0.00257
1927-03-31,0.003756,,0.002959
1927-04-30,0.007225,,0.002546
1927-05-31,0.057773,,0.003008
1927-06-30,-0.021087,,0.002583
1927-07-31,0.075279,,0.002991
1927-08-31,0.02249,,0.002757
1927-09-30,0.049924,,0.002096
1927-10-31,-0.04077,,0.00252
1927-11-30,0.068453,,0.002086
1927-12-31,0.023782,,0.00223
1928-01-31,-0.00334,,0.002225
1928-02-29,-0.014478,,0.003294
1928-03-31,0.090478,,0.002936
1928-04-30,0.043846,,0.002224
1928-05-31,0.01769,,0.00292
1928-06-30,-0.045245,,0.003122
1928-07-31,0.0094,,0.003226
1928-08-31,0.070206,,0.003216
1928-09-30,0.031498,,0.002723
1928-10-31,0.019228,,0.004378
1928-11-30,0.1215,,0.003874
1928-12-31,0.005557,,0.003451
1929-01-31,0.053935,,0.003332
1929-02-28,-0.000446,,0.003508
1929-03-31,-0.007808,,0.003431
1929-04-30,0.017179,,0.003567
1929-05-31,-0.059923,,0.004388
1929-06-30,0.101573,,0.005193
1929-07-31,0.045958,,0.003345
1929-08-31,0.085343,,0.00403
1929-09-30,-0.050455,,0.003573
1929-10-31,-0.196684,,0.004796
1929-11-30,-0.123812,,0.003547
1929-12-31,0.01639,,0.003661
1930-01-31,0.058407,,0.001393
1930-02-28,0.028242,,0.002964
1930-03-31,0.074631,,0.003475
1930-04-30,-0.020541,,0.002104
1930-05-31,-0.01401,,0.002581
1930-06-30,-0.15998,,0.002693
1930-07-31,0.041964,,0.001984
1930-08-31,0.003663,,0.00058
1930-09-30,-0.124805,,0.002192
1930-10-31,-0.086579,,0.000866
1930-11-30,-0.028057,,0.000999
1930-12-31,-0.077739,,0.001398
1931-01-31,0.06378,,0.000555
1931-02-28,0.109695,,0.000407
1931-03-31,-0.062866,,0.001887
1931-04-30,-0.100219,,0.000827
1931-05-31,-0.133836,,0.000875
1931-06-30,0.14034,,0.000504
1931-07-31,-0.066438,,0.000591
1931-08-31,0.003078,,0.000388
1931-09-30,-0.291731,,0.000417
1931-10-31,0.081509,,0.000812
1931-11-30,-0.088402,,0.001669
1931-12-31,-0.134971,,0.001252
1932-01-31,-0.010534,,0.002367
1932-02-29,0.057663,,0.001447
1932-03-31,-0.110599,,0.001147
1932-04-30,-0.179417,,0.001145
1932-05-31,-0.206198,,0.000445
1932-06-30,-0.004289,,0.00022
1932-07-31,0.340643,,0.00025
1932-08-31,0.371388,,0.000267
1932-09-30,-0.028649,,0.000309
1932-10-31,-0.132553,,0.000178
1932-11-30,-0.05826,,0.000146
1932-12-31,0.045227,,0.000108
1933-01-31,0.009813,,0.000108
1933-02-28,-0.153204,,-0.000265
1933-03-31,0.033105,,0.00042
1933-04-30,0.394143,,0.000978
1933-05-31,0.213261,,0.000389
1933-06-30,0.133364,,0.000236
1933-07-31,-0.096341,,0.000191
1933-08-31,0.121285,,0.000229
1933-09-30,-0.105836,,0.000151
1933-10-31,-0.08365,,0.000111
1933-11-30,0.099896,,0.000181
1933-12-31,0.017876,,0.000201
1934-01-31,0.126779,,0.000422
1934-02-28,-0.024287,,0.000248
1934-03-31,0.004425,,0.00021
1934-04-30,-0.018345,,6.2e-05
1934-05-31,-0.072273,,6.5e-05
1934-06-30,0.025344,,6.2e-05
1934-07-31,-0.109363,,6.7e-05
1934-08-31,0.057043,,6.5e-05
1934-09-30,-0.002362,,5.8e-05
1934-10-31,-0.018895,,8.9e-05
1934-11-30,0.082095,,8.3e-05
1934-12-31,0.003554,,0.000115
1935-01-31,-0.033416,,6.3e-05
1935-02-28,-0.019462,,0.000172
1935-03-31,-0.036013,,0.000142
1935-04-30,0.090452,,0.000133
1935-05-31,0.034561,,0.00015
1935-06-30,0.057796,,0.000138
1935-07-31,0.07416,,0.000133
1935-08-31,0.026773,,0.000146
1935-09-30,0.026074,,0.000125
1935-10-31,0.069439,,0.000125
1935-11-30,0.052872,,0.000239
1935-12-31,0.046926,,8.6e-05
1936-01-31,0.069559,,0.000129
1936-02-29,0.025402,,0.000121
1936-03-31,0.008253,,0.000172
1936-04-30,-0.081481,,0.000167
1936-05-31,0.052043,,0.000161
1936-06-30,0.024671,,0.000306
1936-07-31,0.065954,,0.000129
1936-08-31,0.01095,,0.000171
1936-09-30,0.011899,,8.3e-05
1936-10-31,0.069986,,0.000197
1936-11-30,0.032854,,8.3e-05
1936-12-31,0.002796,,2.8e-05
1937-01-31,0.033258,,0.000113
1937-02-28,0.013114,,0.000171
1937-03-31,-0.002732,,0.000141
1937-04-30,-0.075416,,0.000486
1937-05-31,-0.007054,,0.000634
1937-06-30,-0.041748,,0.000275
1937-07-31,0.089725,,0.000321
1937-08-31,-0.048365,,0.000267
1937-09-30,-0.136623,,0.000367
1937-10-31,-0.095798,,0.000167
1937-11-30,-0.083053,,0.000196
1937-12-31,-0.040774,,4.4e-05
1938-01-31,0.006776,,3.4e-05
1938-02-28,0.058013,,4.8e-05
1938-03-31,-0.238416,,2.5e-05
1938-04-30,0.145963,,0.000123
1938-05-31,-0.039053,,-6e-05
1938-06-30,0.237914,,1.3e-05
1938-07-31,0.072097,,-5.4e-05
1938-08-31,-0.027139,,3.6e-05
1938-09-30,0.008912,,0.000182
1938-10-31,0.078927,,0.000104
1938-11-30,-0.018206,,-6.1e-05
1938-12-31,0.041919,,1.8e-05
1939-01-31,-0.060381,,-0.000134
1939-02-28,0.035255,,9e-05
1939-03-31,-0.120727,,-9.3e-05
1939-04-30,-0.001932,,-3.8e-05
1939-05-31,0.068971,,1.3e-05
1939-06-30,-0.053626,,0.000119
1939-07-31,0.102243,,1.2e-05
1939-08-31,-0.067264,,-5.7e-05
1939-09-30,0.161815,,9.9e-05
1939-10-31,-0.004191,,2.2e-05
1939-11-30,-0.037131,,2.1e-05
1939-12-31,0.029686,,2.1e-05
1940-01-31,-0.024215,,-6e-05
1940-02-29,0.014758,,1.6e-05
1940-03-31,0.018643,,0
1940-04-30,0.000837,,-0.000147
1940-05-31,-0.221112,,-0.000153
1940-06-30,0.066856,,4.1e-05
1940-07-31,0.031923,,3.6e-05
1940-08-31,0.024296,,-6.1e-05
1940-09-30,0.023118,,1.7e-05
1940-10-31,0.030143,,-0.00014
1940-11-30,-0.016752,,1.7e-05
1940-12-31,0.006586,,-0.000147
1941-01-31,-0.041227,,-6.9e-05
1941-02-28,-0.013801,,-7.5e-05
1941-03-31,0.009515,,0.000114
1941-04-30,-0.054018,,-6.7e-05
1941-05-31,0.01314,0.001719,4.3e-05
1941-06-30,0.058495,0.012416,4.2e-05
1941-07-31,0.059543,0.012623,4.2e-05
1941-08-31,-0.001156,-0.00364,6.7e-05
1941-09-30,-0.007611,0.002281,8e-05
1941-10-31,-0.052926,0.006451,4e-05
1941-11-30,-0.020271,-0.00076,4.9e-05
1941-12-31,-0.046692,-0.017592,0.000156
1942-01-31,0.008979,0.003392,0.000178
1942-02-28,-0.023651,-0.006644,0.000111
1942-03-31,-0.065144,0.012229,0.000108
1942-04-30,-0.043583,-0.00404,6.8e-05
1942-05-31,0.060174,0.007615,0.000161
1942-06-30,0.025772,0.000883,0.000249
1942-07-31,0.035326,-7.8e-05,0.000252
1942-08-31,0.018408,0.001116,0.000307
1942-09-30,0.027069,-0.001021,0.000281
1942-10-31,0.069088,0.005693,0.000343
1942-11-30,0.001177,-0.001312,3e-04
1942-12-31,0.05129,0.004165,0.000254
1943-01-31,0.073382,0.006177,0.000295
1943-02-28,0.060478,0.002139,0.000263
1943-03-31,0.061794,-0.001184,0.000276
1943-04-30,0.007333,0.004069,0.000292
1943-05-31,0.057142,0.005485,0.000284
1943-06-30,0.017351,0.002967,0.000276
1943-07-31,-0.047753,0.001705,0.000291
1943-08-31,0.013444,-0.000967,0.000307
1943-09-30,0.024077,0.002244,0.000258
1943-10-31,-0.011573,0.000178,0.000283
1943-11-30,-0.059903,0.000607,0.000307
1943-12-31,0.064217,0.001143,0.000258
1944-01-31,0.01803,0.003239,0.000293
1944-02-29,0.003459,0.004889,0.000289
1944-03-31,0.024768,0.003201,0.000238
1944-04-30,-0.016484,-0.000508,0.000277
1944-05-31,0.050909,0.002086,0.000261
1944-06-30,0.056842,0.000755,0.000288
1944-07-31,-0.015194,0.002912,0.000293
1944-08-31,0.015597,0.004017,0.000246
1944-09-30,0.000453,0.00085,0.000237
1944-10-31,0.002119,0.000904,0.000309
1944-11-30,0.016668,0.001776,0.00024
1944-12-31,0.04107,0.0024,0.00024
1945-01-31,0.020218,0.010495,0.000264
1945-02-28,0.064477,0.005972,0.000224
1945-03-31,-0.039177,0.006669,0.000248
1945-04-30,0.078232,0.008062,0.000286
1945-05-31,0.018185,0.000633,0.000248
1945-06-30,0.004676,0.00591,0.00024
1945-07-31,-0.022066,-0.002058,0.000309
1945-08-31,0.061826,0.002121,0.00024
1945-09-30,0.048297,0.002739,0.000279
1945-10-31,0.038749,0.004396,0.000309
1945-11-30,0.054859,0.005171,0.00024
1945-12-31,0.013003,0.006394,0.000319
1946-01-31,0.063402,0.002529,0.000291
1946-02-28,-0.058257,0.003857,0.000272
1946-03-31,0.057941,8.2e-05,0.000288
1946-04-30,0.042293,-0.006704,0.000309
1946-05-31,0.040195,0.000434,0.000291
1946-06-30,-0.038668,0.003863,0.000272
1946-07-31,-0.026309,-6.9e-05,0.000319
1946-08-31,-0.064468,-0.004448,0.00029
1946-09-30,-0.102023,-0.000348,0.000295
1946-10-31,-0.014164,0.00317,0.000291
1946-11-30,0.000697,-0.005058,0.000288
1946-12-31,0.050161,0.0102,0.000309
1947-01-31,0.013084,0.002275,0.00026
1947-02-28,-0.011091,0.003234,0.000271
1947-03-31,-0.01679,0.001381,0.000295
1947-04-30,-0.047698,-0.00043,0.000291
1947-05-31,-0.009625,0.002127,0.000282
1947-06-30,0.053226,-0.000449,0.000304
1947-07-31,0.041348,0.00443,0.000291
1947-08-31,-0.017357,0.00443,0.000276
1947-09-30,-0.004667,-0.001299,0.000295
1947-10-31,0.024831,-0.005455,0.000613
1947-11-30,-0.01875,-0.008466,0.000626
1947-12-31,0.030708,-0.019462,0.000798
1948-01-31,-0.037908,0.002443,0.000726
1948-02-29,-0.043422,0.005919,0.000723
1948-03-31,0.082628,0.005004,0.000889
1948-04-30,0.038128,0.004529,0.000817
1948-05-31,0.074319,0.011581,0.000761
1948-06-30,-0.00028,-0.007959,0.000926
1948-07-31,-0.050288,-0.002236,0.000818
1948-08-31,0.003762,-0.000463,0.000922
1948-09-30,-0.029813,0.003471,0.000855
1948-10-31,0.060316,-0.002598,0.000393
1948-11-30,-0.092077,0.007578,0.000983
1948-12-31,0.032566,0.005617,0.000934
1949-01-31,0.003074,0.008172,0.000955
1949-02-28,-0.028852,0.004887,0.000884
1949-03-31,0.041537,0.007448,0.000948
1949-04-30,-0.017972,0.001148,0.000924
1949-05-31,-0.028488,0.001946,0.001054
1949-06-30,0.00218,0.016705,0.000922
1949-07-31,0.056377,0.003345,0.000865
1949-08-31,0.026916,0.011111,0.000936
1949-09-30,0.032082,-0.001145,0.000864
1949-10-31,0.031801,0.001877,0.000892
1949-11-30,0.018535,0.002103,0.000866
1949-12-31,0.052267,0.005189,0.000895
1950-01-31,0.017764,-0.006128,0.000988
1950-02-28,0.015234,0.002117,0.000905
1950-03-31,0.012742,0.000821,0.000926
1950-04-30,0.040678,0.002998,0.000858
1950-05-31,0.044173,0.003311,0.001068
1950-06-30,-0.058018,-0.002504,0.000969
1950-07-31,0.016122,0.005549,0.000984
1950-08-31,0.050875,0.001396,0.000974
1950-09-30,0.049044,-0.007247,0.001019
1950-10-31,-0.001184,-0.004774,0.00122
1950-11-30,0.029056,0.003503,0.001051
1950-12-31,0.057946,0.001623,0.001105
1951-01-31,0.058735,0.005781,0.001262
1951-02-28,0.014086,-0.007392,0.001049
1951-03-31,-0.021115,-0.015735,0.001069
1951-04-30,0.050061,-0.006255,0.001285
1951-05-31,-0.022464,-0.006915,0.001164
1951-06-30,-0.025533,-0.006161,0.001161
1951-07-31,0.071611,0.013836,0.001395
1951-08-31,0.045004,0.009854,0.001252
1951-09-30,0.009087,-0.007957,0.001212
1951-10-31,-0.022629,0.001021,0.001509
1951-11-30,0.006193,-0.013607,0.001076
1951-12-31,0.035266,-0.006097,0.0013
1952-01-31,0.017002,0.002818,0.001444
1952-02-29,-0.025141,0.001395,0.001151
1952-03-31,0.04587,0.011072,0.001077
1952-04-30,-0.049148,0.01707,0.001229
1952-05-31,0.032847,-0.003354,0.001305
1952-06-30,0.039575,0.000301,0.001486
1952-07-31,0.011404,-0.001969,0.001501
1952-08-31,-0.006733,-0.006995,0.001467
1952-09-30,-0.019147,-0.013009,0.001584
1952-10-31,-0.005309,0.014773,0.001252
1952-11-30,0.059347,-0.001545,0.001049
1952-12-31,0.031066,-0.008587,0.001753
1953-01-31,-0.001644,0.001177,0.00162
1953-02-28,-0.00182,-0.008685,0.001402
1953-03-31,-0.012862,-0.008818,0.001892
1953-04-30,-0.027705,-0.010516,0.001636
1953-05-31,0.006921,-0.014752,0.001722
1953-06-30,-0.016377,0.022258,0.001798
1953-07-31,0.025111,0.003935,0.001377
1953-08-31,-0.044056,-0.000755,0.001666
1953-09-30,0.00301,0.029931,0.001509
1953-10-31,0.047523,0.007438,0.001252
1953-11-30,0.028501,-0.004943,0.00077
1953-12-31,0.000678,0.020608,0.001013
1954-01-31,0.052722,0.018765,0.001091
1954-02-28,0.017551,0.015827,0.000708
1954-03-31,0.037377,0.007524,0.000794
1954-04-30,0.043162,0.00765,0.000888
1954-05-31,0.031704,-0.013286,0.00051
1954-06-30,0.01156,0.011664,0.000567
1954-07-31,0.050668,0.007295,0.000507
1954-08-31,-0.022763,-0.004016,0.000614
1954-09-30,0.064633,0.002033,0.000847
1954-10-31,-0.016216,0.000128,0.000696
1954-11-30,0.095387,-0.004663,0.000662
1954-12-31,0.055469,-0.000988,0.000709
1955-01-31,0.006838,-0.013553,0.000808
1955-02-28,0.031354,-0.006309,0.000852
1955-03-31,-0.000995,0.006022,0.000914
1955-04-30,0.032352,-0.003128,0.001042
1955-05-31,0.012033,0.00743,0.0014
1955-06-30,0.066108,-0.008185,0.000855
1955-07-31,0.020246,-0.016745,0.001
1955-08-31,0.004197,0.006975,0.001603
1955-09-30,-0.002009,0.009997,0.001617
1955-10-31,-0.025752,0.010768,0.001818
1955-11-30,0.071864,-0.010034,0.001725
1955-12-31,0.016543,0.001834,0.001808
1956-01-31,-0.028119,0.014414,0.002281
1956-02-29,0.03961,-0.000848,0.001862
1956-03-31,0.068456,-0.017169,0.001516
1956-04-30,0.005083,-0.003677,0.001851
1956-05-31,-0.049309,0.022974,0.002218
1956-06-30,0.037251,-0.001207,0.001984
1956-07-31,0.05083,-0.016697,0.001653
1956-08-31,-0.02982,-0.017718,0.00169
1956-09-30,-0.049608,0.008173,0.001837
1956-10-31,0.007292,-0.007732,0.002528
1956-11-30,0.004678,-0.009392,0.002045
1956-12-31,0.034957,-0.02049,0.002485
1957-01-31,-0.032121,0.050519,0.002586
1957-02-28,-0.018703,-0.012056,0.002389
1957-03-31,0.024112,0.009663,0.002311
1957-04-30,0.045179,-0.01541,0.00269
1957-05-31,0.036679,-0.014337,0.002581
1957-06-30,-0.005054,-0.019082,0.00241
1957-07-31,0.008938,0.007688,0.00295
1957-08-31,-0.050051,0.006605,0.00252
1957-09-30,-0.057586,-0.007513,0.002568
1957-10-31,-0.041251,-0.004762,0.00259
1957-11-30,0.025605,0.07438,0.002767
1957-12-31,-0.03736,0.018652,0.002485
1958-01-31,0.049595,0.004938,0.002213
1958-02-28,-0.014257,0.013958,0.001207
1958-03-31,0.0337,0.012658,0.000944
1958-04-30,0.030833,0.00474,0.00084
1958-05-31,0.024582,0.003998,0.001093
1958-06-30,0.029493,-0.019106,0.000297
1958-07-31,0.044844,-0.009653,0.000582
1958-08-31,0.019181,-0.049865,0.000448
1958-09-30,0.04868,0.001055,0.001774
1958-10-31,0.027184,-0.001829,0.001427
1958-11-30,0.03061,0.016436,0.001089
1958-12-31,0.053099,-0.031056,0.002148
1959-01-31,0.00912,-0.001218,0.002051
1959-02-28,0.01122,0.014538,0.001882
1959-03-31,0.004669,-0.011762,0.002153
1959-04-30,0.037899,-0.018114,0.001941
1959-05-31,0.019595,0.000859,0.002189
1959-06-30,0.000676,-0.004859,0.002519
1959-07-31,0.034362,0.002523,0.002192
1959-08-31,-0.012446,-0.018395,0.001861
1959-09-30,-0.044977,0.007059,0.002915
1959-10-31,0.015746,0.01787,0.003015
1959-11-30,0.018557,-0.009491,0.002554
1959-12-31,0.028043,-0.024037,0.002525
1960-01-31,-0.066244,0.026651,0.003318
1960-02-29,0.014419,0.014736,0.002863
1960-03-31,-0.012822,0.033964,0.00324
1960-04-30,-0.015271,-0.013841,0.001944
1960-05-31,0.034098,0.018973,0.002699
1960-06-30,0.022833,0.015537,0.00192
1960-07-31,-0.022705,0.033931,0.00133
1960-08-31,0.032215,-0.002375,0.001632
1960-09-30,-0.058673,0.005782,0.001578
1960-10-31,-0.004705,-0.006031,0.002156
1960-11-30,0.048617,-0.018884,0.001293
1960-12-31,0.048537,0.029079,0.001553
1961-01-31,0.063952,-0.008035,0.00194
1961-02-28,0.037005,0.016318,0.001649
1961-03-31,0.03061,-0.006057,0.002012
1961-04-30,0.005645,0.012877,0.001746
1961-05-31,0.025894,-0.00099,0.001774
1961-06-30,-0.028499,-0.013138,0.002008
1961-07-31,0.029955,0.000973,0.001824
1961-08-31,0.026854,-0.000447,0.001358
1961-09-30,-0.01999,0.009356,0.001677
1961-10-31,0.027331,0.001096,0.001921
1961-11-30,0.045451,-0.009041,0.001607
1961-12-31,0.000713,-0.00273,0.001864
1962-01-31,-0.036147,0.001548,0.002348
1962-02-28,0.019512,0.01915,0.001989
1962-03-31,-0.004688,0.01928,0.002007
1962-04-30,-0.063435,0.016427,0.002278
1962-05-31,-0.08462,-0.005968,0.002296
1962-06-30,-0.082615,-0.003513,0.001937
1962-07-31,0.065438,0.002452,0.002727
1962-08-31,0.023417,0.010808,0.00218
1962-09-30,-0.050158,0.005612,0.002072
1962-10-31,0.002188,0.005444,0.002533
1962-11-30,0.110137,0.004472,0.002021
1962-12-31,0.011865,0.009185,0.002519
1963-01-31,0.051848,0.003295,0.002512
1963-02-28,-0.021931,-0.002189,0.00226
1963-03-31,0.032917,0.002561,0.002262
1963-04-30,0.047439,-0.00071,0.002661
1963-05-31,0.020051,0.003268,0.00243
1963-06-30,-0.01803,0.002345,0.002282
1963-07-31,-0.001717,0.003814,0.002784
1963-08-31,0.052684,0.001601,0.002484
1963-09-30,-0.011898,-0.001738,0.002755
1963-10-31,0.027708,-6.8e-05,0.002919
1963-11-30,-0.005549,0.006321,0.002659
1963-12-31,0.021737,0.001292,0.00306
1964-01-31,0.02579,0.002743,0.002866
1964-02-29,0.017207,0.000557,0.002636
1964-03-31,0.017636,0.000713,0.003298
1964-04-30,0.004607,0.004515,0.002904
1964-05-31,0.017403,0.00616,0.00257
1964-06-30,0.01508,0.0069,0.003136
1964-07-31,0.020118,0.001993,0.002808
1964-08-31,-0.011266,0.001414,0.002772
1964-09-30,0.03048,0.005432,0.002686
1964-10-31,0.008869,0.005403,0.002997
1964-11-30,0.00309,0.000166,0.002915
1964-12-31,0.00369,0.004682,0.00304
1965-01-31,0.038646,0.00508,0.002915
1965-02-28,0.006946,0.001773,0.003198
1965-03-31,-0.009715,0.003579,0.003486
1965-04-30,0.033652,0.003242,0.003118
1965-05-31,-0.004351,0.003308,0.003283
1965-06-30,-0.051868,0.004833,0.00338
1965-07-31,0.01676,-0.000436,0.003218
1965-08-31,0.030883,-0.003378,0.003309
1965-09-30,0.031952,-0.001144,0.003114
1965-10-31,0.029271,-0.003185,0.003391
1965-11-30,0.003065,-0.000925,0.00338
1965-12-31,0.013545,-0.010073,0.003126
1966-01-31,0.012122,-0.004308,0.00363
1966-02-28,-0.008621,-0.018393,0.003481
1966-03-31,-0.020923,0.030315,0.003795
1966-04-30,0.024837,-0.006531,0.003638
1966-05-31,-0.052538,-0.00156,0.004043
1966-06-30,-0.010317,-0.010467,0.003672
1966-07-31,-0.01287,0.00076,0.003847
1966-08-31,-0.075388,-0.020345,0.004119
1966-09-30,-0.006958,0.027564,0.00389
1966-10-31,0.042294,0.018052,0.004389
1966-11-30,0.017516,-0.011948,0.003932
1966-12-31,0.00621,0.041627,0.00363
1967-01-31,0.08553,0.016689,0.003927
1967-02-28,0.010945,-0.018038,0.003743
1967-03-31,0.043384,0.021025,0.003693
1967-04-30,0.041609,-0.024235,0.003344
1967-05-31,-0.039293,-0.000111,0.003126
1967-06-30,0.026902,-0.022591,0.002674
1967-07-31,0.04919,0.002388,0.003153
1967-08-31,-0.006282,-0.005861,0.00324
1967-09-30,0.034286,-0.001377,0.003177
1967-10-31,-0.027433,-0.019336,0.003649
1967-11-30,0.007902,-0.00775,0.003416
1967-12-31,0.033699,0.005826,0.003565
1968-01-31,-0.036331,0.025016,0.003934
1968-02-29,-0.033624,0.00286,0.003849
1968-03-31,0.005117,-0.022144,0.003977
1968-04-30,0.094148,0.016581,0.004263
1968-05-31,0.02704,-0.011209,0.004672
1968-06-30,0.011527,0.03421,0.004436
1968-07-31,-0.022024,0.027353,0.00479
1968-08-31,0.018037,0.000169,0.004476
1968-09-30,0.044454,-0.001128,0.004203
1968-10-31,0.009041,-0.008152,0.004394
1968-11-30,0.058501,-0.016254,0.004457
1968-12-31,-0.033873,-0.021185,0.004249
1969-01-31,-0.006711,-0.000448,0.005025
1969-02-28,-0.053641,-0.005953,0.004619
1969-03-31,0.030505,-0.002312,0.004802
1969-04-30,0.020527,0.034822,0.004859
1969-05-31,0.00504,-0.027805,0.005215
1969-06-30,-0.067388,-0.0063,0.005137
1969-07-31,-0.065171,0.000365,0.00552
1969-08-31,0.051491,-0.003733,0.00589
1969-09-30,-0.02259,-0.040983,0.005856
1969-10-31,0.055637,0.045144,0.005724
1969-11-30,-0.032164,-0.025835,0.005509
1969-12-31,-0.01968,-0.049838,0.005846
1970-01-31,-0.073254,0.028827,0.005781
1970-02-28,0.056706,0.067886,0.006167
1970-03-31,-0.004729,-0.000269,0.005542
1970-04-30,-0.105318,-0.050871,0.005286
1970-05-31,-0.064346,-0.006522,0.005546
1970-06-30,-0.051067,0.021395,0.005546
1970-07-31,0.07417,0.029294,0.004886
1970-08-31,0.050036,-0.009523,0.00502
1970-09-30,0.047535,0.021787,0.005034
1970-10-31,-0.018208,0.002139,0.004954
1970-11-30,0.050448,0.073034,0.004489
1970-12-31,0.060723,0.003009,0.003786
1971-01-31,0.05203,0.044649,0.003777
1971-02-28,0.016913,-0.000506,0.003344
1971-03-31,0.044778,0.059129,0.002924
1971-04-30,0.033332,-0.037425,0.002804
1971-05-31,-0.036409,-0.021313,0.003127
1971-06-30,0.003119,-0.012386,0.003505
1971-07-31,-0.040283,0.008733,0.004272
1971-08-31,0.042511,0.046098,0.004446
1971-09-30,-0.005016,0.02794,0.00363
1971-10-31,-0.040683,0.014894,0.003855
1971-11-30,-0.001262,0.01008,0.003506
1971-12-31,0.091257,0.000245,0.003152
1972-01-31,0.028382,-0.009879,0.00285
1972-02-29,0.031349,0.002768,0.002659
1972-03-31,0.008723,0.000559,0.00259
1972-04-30,0.005505,0.009324,0.002962
1972-05-31,0.016375,0.006258,0.002942
1972-06-30,-0.020897,-0.00127,0.0028
1972-07-31,-0.004254,0.00376,0.003084
1972-08-31,0.035966,-0.004457,0.002988
1972-09-30,-0.00767,0.000651,0.003546
1972-10-31,0.008676,0.018053,0.003891
1972-11-30,0.049764,0.014573,0.003739
1972-12-31,0.011243,-0.001517,0.004185
1973-01-31,-0.027454,-0.004846,0.00441
1973-02-28,-0.04437,-0.004451,0.004277
1973-03-31,-0.007857,0.006724,0.00475
1973-04-30,-0.051769,0.008776,0.005002
1973-05-31,-0.024508,-0.010302,0.005098
1973-06-30,-0.008648,0.004589,0.005379
1973-07-31,0.056961,-0.030567,0.00654
1973-08-31,-0.029657,0.026063,0.006855
1973-09-30,0.053931,0.032945,0.006749
1973-10-31,-0.000415,0.011631,0.006856
1973-11-30,-0.120713,0.005902,0.005529
1973-12-31,0.011437,-0.004666,0.006961
1974-01-31,0.004413,-0.003422,0.006274
1974-02-28,0.002345,0.013221,0.005819
1974-03-31,-0.023364,-0.016721,0.005677
1974-04-30,-0.045961,-0.021058,0.007949
1974-05-31,-0.041981,0.013945,0.007235
1974-06-30,-0.022942,-0.004053,0.006892
1974-07-31,-0.070874,-0.013122,0.006756
1974-08-31,-0.087757,-0.009864,0.00594
1974-09-30,-0.109718,0.030076,0.007997
1974-10-31,0.165584,0.034682,0.005254
1974-11-30,-0.041046,0.023214,0.005139
1974-12-31,-0.027005,0.012866,0.007009
1975-01-31,0.1416,0.008689,0.005387
1975-02-28,0.058412,0.010027,0.004326
1975-03-31,0.03019,-0.003413,0.004014
1975-04-30,0.046497,-0.00918,0.004489
1975-05-31,0.05514,0.006045,0.004869
1975-06-30,0.051473,0.001547,0.004133
1975-07-31,-0.060385,-0.00188,0.004811
1975-08-31,-0.023558,-0.006365,0.004815
1975-09-30,-0.03801,-0.02726,0.005575
1975-10-31,0.055857,0.017218,0.005185
1975-11-30,0.031222,0.01151,0.004127
1975-12-31,-0.010998,0.032763,0.004983
1976-01-31,0.126012,0.035314,0.004402
1976-02-29,0.00731,-0.000308,0.003452
1976-03-31,0.02674,0.003931,0.004344
1976-04-30,-0.010402,-0.00261,0.00444
1976-05-31,-0.009326,-0.000333,0.004124
1976-06-30,0.044521,0.014614,0.004446
1976-07-31,-0.006136,0.006041,0.00439
1976-08-31,-0.001398,0.009166,0.004745
1976-09-30,0.024513,0.021487,0.003924
1976-10-31,-0.020372,0.01823,0.004092
1976-11-30,0.005363,0.024274,0.00444
1976-12-31,0.061591,0.03799,0.003579
1977-01-31,-0.036326,-0.026079,0.003594
1977-02-28,-0.015744,0.004235,0.003499
1977-03-31,-0.009249,0.000251,0.003769
1977-04-30,0.004962,-0.00458,0.004114
1977-05-31,-0.010777,-0.002193,0.003855
1977-06-30,0.051369,0.013981,0.003716
1977-07-31,-0.012806,-0.004943,0.003873
1977-08-31,-0.013338,0.011749,0.004993
1977-09-30,0.001572,0.001862,0.00433
1977-10-31,-0.039278,-0.003637,0.004943
1977-11-30,0.04544,0.007351,0.004959
1977-12-31,0.008223,-0.009835,0.0047
1978-01-31,-0.055199,-0.00326,0.005374
1978-02-28,-0.009275,-4e-05,0.004941
1978-03-31,0.034009,-0.000347,0.005017
1978-04-30,0.082853,0.000901,0.005712
1978-05-31,0.02323,-0.005934,0.005317
1978-06-30,-0.010748,-0.006447,0.005369
1978-07-31,0.056741,0.011799,0.005591
1978-08-31,0.04237,0.017925,0.00555
1978-09-30,-0.006889,-0.003752,0.005964
1978-10-31,-0.110995,-0.017924,0.007498
1978-11-30,0.033787,0.014056,0.007041
1978-12-31,0.017708,-0.012092,0.007372
1979-01-31,0.04953,0.022064,0.007882
1979-02-28,-0.026765,-0.007248,0.007324
1979-03-31,0.065613,0.011324,0.008928
1979-04-30,0.00852,-0.006811,0.008489
1979-05-31,-0.013571,0.026087,0.008161
1979-06-30,0.046852,0.023457,0.007858
1979-07-31,0.014991,-0.005183,0.00841
1979-08-31,0.064732,-0.00666,0.007506
1979-09-30,0.001426,-0.005007,0.007732
1979-10-31,-0.072662,-0.066717,0.009621
1979-11-30,0.063604,0.048044,0.009878
1979-12-31,0.028215,0.011951,0.010209
1980-01-31,0.065607,-0.037477,0.007968
1980-02-29,0.001015,-0.050507,0.010654
1980-03-31,-0.120224,0.048345,0.012009
1980-04-30,0.052287,0.084375,0.012865
1980-05-31,0.06009,0.038482,0.007883
1980-06-30,0.037714,0.029314,0.006312
1980-07-31,0.069438,-0.042687,0.005281
1980-08-31,0.023554,-0.02764,0.005973
1980-09-30,0.029498,-0.007206,0.008698
1980-10-31,0.020095,-0.023339,0.008912
1980-11-30,0.104952,0.00948,0.008895
1980-12-31,-0.034411,0.027544,0.014149
1981-01-31,-0.040085,-0.004032,0.009957
1981-02-28,0.015519,-0.02898,0.010685
1981-03-31,0.046183,0.027672,0.013157
1981-04-30,-0.011266,-0.03825,0.010756
1981-05-31,0.013546,0.045241,0.010646
1981-06-30,-0.010243,-0.006976,0.015158
1981-07-31,-0.003079,-0.028486,0.011915
1981-08-31,-0.056281,-0.022596,0.012804
1981-09-30,-0.063776,-0.008044,0.012794
1981-10-31,0.060162,0.074287,0.011685
1981-11-30,0.045848,0.084518,0.01103
1981-12-31,-0.028096,-0.032776,0.008738
1982-01-31,-0.026209,0.002885,0.007306
1982-02-28,-0.051126,0.019096,0.009176
1982-03-31,-0.010101,0.00563,0.011077
1982-04-30,0.043269,0.026933,0.01129
1982-05-31,-0.028213,0.020608,0.009592
1982-06-30,-0.023913,-0.024989,0.01071
1982-07-31,-0.020525,0.041457,0.01021
1982-08-31,0.119016,0.076073,0.008342
1982-09-30,0.016766,0.039536,0.005118
1982-10-31,0.118632,0.099993,0.005475
1982-11-30,0.051941,-0.010138,0.007201
1982-12-31,0.01451,0.036299,0.006289
1983-01-31,0.041844,-0.020403,0.006864
1983-02-28,0.030215,0.042297,0.006186
1983-03-31,0.034678,-0.011169,0.006326
1983-04-30,0.074185,0.030024,0.006918
1983-05-31,0.013225,-0.02976,0.007584
1983-06-30,0.037837,0.000782,0.006661
1983-07-31,-0.03157,-0.044003,0.006917
1983-08-31,0.003465,0.012783,0.008342
1983-09-30,0.016027,0.042486,0.007607
1983-10-31,-0.028038,-0.010992,0.007433
1983-11-30,0.029556,0.016129,0.007199
1983-12-31,-0.010464,-0.000312,0.007039
1984-01-31,-0.013025,0.017865,0.008083
1984-02-29,-0.039073,-0.013392,0.007328
1984-03-31,0.01339,-0.02108,0.00728
1984-04-30,0.002538,-0.005156,0.00813
1984-05-31,-0.05232,-0.05056,0.007898
1984-06-30,0.023384,0.014941,0.007534
1984-07-31,-0.020623,0.064574,0.008755
1984-08-31,0.112691,0.014129,0.007963
1984-09-30,0.000403,0.027822,0.008293
1984-10-31,-7.3e-05,0.053938,0.009766
1984-11-30,-0.010685,0.018128,0.007334
1984-12-31,0.023653,0.008761,0.006923
1985-01-31,0.085719,0.033176,0.006474
1985-02-28,0.016898,-0.034553,0.006033
1985-03-31,-0.001747,0.024852,0.00616
1985-04-30,-0.002187,0.023987,0.007565
1985-05-31,0.055774,0.067834,0.006062
1985-06-30,0.017091,0.009799,0.005546
1985-07-31,-0.000251,-0.009508,0.006196
1985-08-31,-0.004794,0.025767,0.005792
1985-09-30,-0.039826,0.004798,0.006049
1985-10-31,0.044441,0.026404,0.006021
1985-11-30,0.069228,0.027978,0.006156
1985-12-31,0.043061,0.046272,0.006139
1986-01-31,0.00983,0.003898,0.004865
1986-02-28,0.072501,0.064801,0.005296
1986-03-31,0.053887,0.057311,0.005963
1986-04-30,-0.007903,0.006599,0.005341
1986-05-31,0.050847,-0.038012,0.004934
1986-06-30,0.014244,0.056067,0.005246
1986-07-31,-0.0597,0.006758,0.005011
1986-08-31,0.066183,0.033625,0.004614
1986-09-30,-0.07902,-0.02745,0.004783
1986-10-31,0.049305,0.014308,0.004209
1986-11-30,0.015093,0.012064,0.003924
1986-12-31,-0.026387,0.000974,0.004767
1987-01-31,0.128499,0.00996,0.004151
1987-02-28,0.047922,0.004267,0.004309
1987-03-31,0.023664,-0.014472,0.005012
1987-04-30,-0.016996,-0.038271,0.004285
1987-05-31,0.005123,-0.014005,0.00376
1987-06-30,0.043655,0.014514,0.005031
1987-07-31,0.044247,-0.01076,0.004058
1987-08-31,0.037147,-0.016456,0.004744
1987-09-30,-0.020773,-0.032366,0.00482
1987-10-31,-0.225361,0.056846,0.00604
1987-11-30,-0.072272,-0.003664,0.003366
1987-12-31,0.070324,0.018248,0.002988
1988-01-31,0.044875,0.044235,0.002762
1988-02-29,0.051691,0.013917,0.004564
1988-03-31,-0.016598,-0.01993,0.004402
1988-04-30,0.010993,-0.012511,0.004577
1988-05-31,0.000447,-0.015848,0.005051
1988-06-30,0.051457,0.032302,0.004832
1988-07-31,-0.007272,-0.012001,0.00506
1988-08-31,-0.028006,0.000564,0.005957
1988-09-30,0.037204,0.032089,0.006145
1988-10-31,0.017645,0.021687,0.006074
1988-11-30,-0.016411,-0.020027,0.005742
1988-12-31,0.021071,0.003005,0.006306
1989-01-31,0.066101,0.016054,0.005766
1989-02-28,-0.016442,-0.014851,0.00611
1989-03-31,0.021465,0.0094,0.006213
1989-04-30,0.048207,0.024763,0.00681
1989-05-31,0.039336,0.031579,0.008006
1989-06-30,-0.004856,0.040859,0.007147
1989-07-31,0.077128,0.025032,0.00704
1989-08-31,0.022126,-0.024083,0.006684
1989-09-30,-0.001473,0.003223,0.006387
1989-10-31,-0.029285,0.033234,0.00682
1989-11-30,0.017816,0.008516,0.00634
1989-12-31,0.018294,-0.000408,0.005941
1990-01-31,-0.070114,-0.024409,0.005852
1990-02-28,0.0149,-0.002074,0.005818
1990-03-31,0.024148,-0.001702,0.00638
1990-04-30,-0.028283,-0.017396,0.006829
1990-05-31,0.088935,0.032827,0.006404
1990-06-30,-0.004193,0.017846,0.005898
1990-07-31,-0.009392,0.011922,0.006704
1990-08-31,-0.091903,-0.025843,0.006154
1990-09-30,-0.053844,0.009186,0.005984
1990-10-31,-0.012499,0.018981,0.006559
1990-11-30,0.065742,0.030133,0.005651
1990-12-31,0.029511,0.019396,0.005989
1991-01-31,0.049083,0.010098,0.004637
1991-02-28,0.075848,0.006436,0.004767
1991-03-31,0.028922,0.004182,0.004391
1991-04-30,0.003311,0.0095,0.005335
1991-05-31,0.040737,0.004376,0.004461
1991-06-30,-0.044024,-0.006102,0.004171
1991-07-31,0.046779,0.013229,0.00484
1991-08-31,0.026807,0.025923,0.00461
1991-09-30,-0.010979,0.031095,0.004558
1991-10-31,0.017847,0.006005,0.004246
1991-11-30,-0.037291,0.008336,0.003915
1991-12-31,0.106782,0.054398,0.003792
1992-01-31,-0.001164,-0.024549,0.003059
1992-02-29,0.013355,0.008862,0.002828
1992-03-31,-0.023699,-0.007535,0.003376
1992-04-30,0.013414,0.003928,0.003303
1992-05-31,0.006407,0.021337,0.002758
1992-06-30,-0.019258,0.019971,0.003201
1992-07-31,0.0399,0.035683,0.002892
1992-08-31,-0.020819,0.009816,0.002605
1992-09-30,0.012461,0.019812,0.002573
1992-10-31,0.010983,-0.017524,0.002286
1992-11-30,0.040181,-0.00345,0.002346
1992-12-31,0.01774,0.022404,0.00227
1993-01-31,0.012616,0.027836,0.002335
1993-02-28,0.005425,0.026678,0.002209
1993-03-31,0.025089,0.005286,0.002538
1993-04-30,-0.025391,0.007802,0.002372
1993-05-31,0.029572,-0.000582,0.002168
1993-06-30,0.005434,0.032076,0.002756
1993-07-31,-0.000806,0.004442,0.002402
1993-08-31,0.039496,0.025066,0.00253
1993-09-30,0.000629,0.00799,0.002356
1993-10-31,0.018051,0.004056,0.00221
1993-11-30,-0.0176,-0.017965,0.002477
1993-12-31,0.019554,0.005053,0.002263
1994-01-31,0.031459,0.017415,0.002503
1994-02-28,-0.024207,-0.031254,0.00212
1994-03-31,-0.045795,-0.03847,0.002469
1994-04-30,0.009495,-0.009781,0.002711
1994-05-31,0.009353,-0.00137,0.00315
1994-06-30,-0.02788,-0.005909,0.003118
1994-07-31,0.030657,0.019443,0.002751
1994-08-31,0.042629,0.003026,0.003687
1994-09-30,-0.018338,-0.023275,0.003659
1994-10-31,0.014521,-0.003948,0.00384
1994-11-30,-0.037206,-0.00129,0.003691
1994-12-31,0.01258,0.011198,0.00443
1995-01-31,0.020353,0.022922,0.004156
1995-02-28,0.039647,0.030014,0.003983
1995-03-31,0.027064,0.007195,0.004134
1995-04-30,0.025048,0.016973,0.00445
1995-05-31,0.033909,0.0549,0.005355
1995-06-30,0.031142,0.011343,0.004714
1995-07-31,0.040801,-0.008576,0.004522
1995-08-31,0.0093,0.014105,0.004637
1995-09-30,0.036354,0.012995,0.004309
1995-10-31,-0.011339,0.016065,0.004714
1995-11-30,0.042771,0.022024,0.004108
1995-12-31,0.015192,0.017912,0.004882
1996-01-31,0.028121,0.006363,0.004278
1996-02-29,0.016353,-0.028964,0.003908
1996-03-31,0.010914,-0.010249,0.003943
1996-04-30,0.02556,-0.017066,0.004579
1996-05-31,0.02681,-0.00588,0.003982
1996-06-30,-0.008289,0.014535,0.004
1996-07-31,-0.053851,0.00053,0.004497
1996-08-31,0.032451,-0.00514,0.004122
1996-09-30,0.052985,0.022799,0.004375
1996-10-31,0.013673,0.029722,0.004246
1996-11-30,0.065594,0.026511,0.003941
1996-12-31,-0.011381,-0.021218,0.004404
1997-01-31,0.053473,-8.8e-05,0.004014
1997-02-28,-0.001067,-0.002146,0.003788
1997-03-31,-0.044889,-0.019247,0.00431
1997-04-30,0.042396,0.019041,0.004313
1997-05-31,0.07164,0.011188,0.004263
1997-06-30,0.044081,0.017494,0.003744
1997-07-31,0.076513,0.040304,0.004294
1997-08-31,-0.036323,-0.020309,0.004058
1997-09-30,0.058453,0.022409,0.004576
1997-10-31,-0.034433,0.024771,0.003911
1997-11-30,0.030354,0.001182,0.003773
1997-12-31,0.017822,0.014809,0.004629
1998-01-31,0.004511,0.021106,0.004204
1998-02-28,0.073321,-0.007748,0.003847
1998-03-31,0.051273,0.002537,0.004485
1998-04-30,0.010924,0.003324,0.004308
1998-05-31,-0.025746,0.010086,0.003805
1998-06-30,0.031839,0.013545,0.004021
1998-07-31,-0.023377,0.000356,0.003873
1998-08-31,-0.15786,0.036926,0.004012
1998-09-30,0.063814,0.052732,0.003875
1998-10-31,0.074406,-0.010324,0.003353
1998-11-30,0.062001,-0.006612,0.003233
1998-12-31,0.063058,0.009651,0.003779
1999-01-31,0.038447,0.00329,0.003494
1999-02-28,-0.038083,-0.044,0.003372
1999-03-31,0.037925,0.008629,0.004076
1999-04-30,0.049092,-0.003473,0.003784
1999-05-31,-0.020708,-0.022523,0.003463
1999-06-30,0.050823,-0.00715,0.004098
1999-07-31,-0.030833,-0.004169,0.003658
1999-08-31,-0.009918,-0.004519,0.003876
1999-09-30,-0.022669,0.012025,0.003705
1999-10-31,0.062107,-0.006108,0.003581
1999-11-30,0.036822,-0.006589,0.003811
1999-12-31,0.083745,-0.0124,0.003764
2000-01-31,-0.039622,-0.009797,0.004343
2000-02-29,0.03176,0.013598,0.004295
2000-03-31,0.053499,0.034752,0.004377
2000-04-30,-0.059519,-0.010026,0.004595
2000-05-31,-0.038863,0.001771,0.004782
2000-06-30,0.051576,0.022074,0.003744
2000-07-31,-0.017679,0.00464,0.004772
2000-08-31,0.074984,0.016603,0.005002
2000-09-30,-0.051154,-0.001323,0.005093
2000-10-31,-0.02448,0.008647,0.005217
2000-11-30,-0.102365,0.025641,0.004966
2000-12-31,0.02045,0.030723,0.004909
2001-01-31,0.039573,0.004164,0.005243
2001-02-28,-0.099084,0.011636,0.003653
2001-03-31,-0.070408,0.00275,0.00432
2001-04-30,0.083834,-0.027449,0.003864
2001-05-31,0.010442,0.001373,0.003183
2001-06-30,-0.017561,0.002161,0.002778
2001-07-31,-0.018284,0.030526,0.002999
2001-08-31,-0.05898,0.015065,0.002996
2001-09-30,-0.091497,0.022599,0.00273
2001-10-31,0.027847,0.031821,0.002154
2001-11-30,0.078789,-0.035211,0.001749
2001-12-31,0.017854,-0.017354,0.001484
2002-01-31,-0.015966,0.004609,0.00139
2002-02-28,-0.0217,0.012027,0.001285
2002-03-31,0.044698,-0.03679,0.001341
2002-04-30,-0.0496,0.029382,0.001546
2002-05-31,-0.01051,0.008136,0.001442
2002-06-30,-0.070259,0.021555,0.001312
2002-07-31,-0.081125,0.03077,0.001507
2002-08-31,0.007949,0.030178,0.001402
2002-09-30,-0.099923,0.04689,0.001414
2002-10-31,0.07494,-0.020221,0.001334
2002-11-30,0.061282,-0.021163,0.001166
2002-12-31,-0.053334,0.035968,0.001079
2003-01-31,-0.023367,-0.008285,0.000934
2003-02-28,-0.015417,0.02623,0.000871
2003-03-31,0.010321,-0.005651,0.00102
2003-04-30,0.082768,-6.9e-05,0.000939
2003-05-31,0.063471,0.042443,0.000903
2003-06-30,0.016346,-0.009082,0.000984
2003-07-31,0.023112,-0.066819,0.000674
2003-08-31,0.024965,0.004672,0.000689
2003-09-30,-0.00912,0.046768,0.000865
2003-10-31,0.060361,-0.024426,7e-04
2003-11-30,0.016594,0.001662,0.000725
2003-12-31,0.045476,0.010311,0.000831
2004-01-31,0.023042,0.012966,0.000696
2004-02-29,0.015443,0.017481,0.000623
2004-03-31,-0.010662,0.014353,0.000844
2004-04-30,-0.024222,-0.04909,0.000795
2004-05-31,0.014068,-0.006666,0.000603
2004-06-30,0.021611,0.010107,0.000817
2004-07-31,-0.037698,0.01208,0.000919
2004-08-31,0.002703,0.032183,0.001116
2004-09-30,0.020556,0.002804,0.001185
2004-10-31,0.017806,0.011144,0.001129
2004-11-30,0.048214,-0.017663,0.001541
2004-12-31,0.03517,0.013398,0.001672
2005-01-31,-0.026546,0.009351,0.001661
2005-02-28,0.022646,-0.013112,0.001641
2005-03-31,-0.016944,-0.004518,0.002123
2005-04-30,-0.025206,0.026104,0.002072
2005-05-31,0.037954,0.018363,0.002395
2005-06-30,0.011529,0.009046,0.002263
2005-07-31,0.043357,-0.021346,0.002383
2005-08-31,-0.005958,0.020806,0.00292
2005-09-30,0.0106,-0.018281,0.002848
2005-10-31,-0.020866,-0.011898,0.002728
2005-11-30,0.040326,0.006295,0.003045
2005-12-31,0.003458,0.011198,0.00316
2006-01-31,0.040072,-0.004563,0.003488
2006-02-28,-0.001639,0.000153,0.003322
2006-03-31,0.019065,-0.019782,0.003642
2006-04-30,0.013,-0.008795,0.003559
2006-05-31,-0.031032,-0.001047,0.004195
2006-06-30,-0.000391,0.003077,0.00397
2006-07-31,-0.001912,0.016418,0.003976
2006-08-31,0.025041,0.021575,0.004283
2006-09-30,0.019425,0.011343,0.004047
2006-10-31,0.037153,0.007074,0.004076
2006-11-30,0.023736,0.013674,0.004243
2006-12-31,0.010857,-0.015746,0.004036
2007-01-31,0.019387,-0.0036,0.004328
2007-02-28,-0.014006,0.019999,0.003837
2007-03-31,0.012954,-0.002247,0.004257
2007-04-30,0.039834,0.006799,0.004348
2007-05-31,0.038953,-0.014483,0.004046
2007-06-30,-0.014747,-0.006804,0.003918
2007-07-31,-0.03179,0.023884,0.003962
2007-08-31,0.011593,0.01713,0.004205
2007-09-30,0.040822,-0.00044,0.003347
2007-10-31,0.02591,0.013082,0.003212
2007-11-30,-0.049362,0.044192,0.003395
2007-12-31,-0.004405,-0.003627,0.002921
2008-01-31,-0.062218,0.038355,0.00243
2008-02-29,-0.021697,0.009265,0.001325
2008-03-31,-0.010444,0.011256,0.001869
2008-04-30,0.051199,-0.016442,0.001025
2008-05-31,0.023935,-0.018756,0.000946
2008-06-30,-0.078436,0.010754,0.00175
2008-07-31,-0.013413,0.005155,0.00144
2008-08-31,0.010597,0.015313,0.001282
2008-09-30,-0.098172,0.000875,0.00153
2008-10-31,-0.184833,-0.028592,0.000792
2008-11-30,-0.084681,0.085378,0.000228
2008-12-31,0.022232,0.056872,2.9e-05
2009-01-31,-0.077471,-0.044454,2.3e-05
2009-02-28,-0.100166,-0.00192,0.000147
2009-03-31,0.086803,0.03291,0.000159
2009-04-30,0.109466,-0.035782,0.000125
2009-05-31,0.067787,-0.016442,1.7e-05
2009-06-30,-0.003019,0.002851,7.5e-05
2009-07-31,0.08178,0.008263,0.000119
2009-08-31,0.03151,0.010147,0.000116
2009-09-30,0.045281,0.010322,7.9e-05
2009-10-31,-0.028072,-0.003575,4e-05
2009-11-30,0.057075,0.018977,4e-06
2009-12-31,0.028475,-0.037937,6.2e-05
2010-01-31,-0.037172,0.020794,2.8e-05
2010-02-28,0.034744,0.002013,1e-05
2010-03-31,0.063668,-0.014015,6.8e-05
2010-04-30,0.020036,0.016503,0.000111
2010-05-31,-0.07924,0.025297,0.000112
2010-06-30,-0.05078,0.033851,0.000127
2010-07-31,0.07036,0.007935,0.000142
2010-08-31,-0.042864,0.035527,0.000126
2010-09-30,0.091628,-0.001971,0.000125
2010-10-31,0.038591,-0.005208,0.000112
2010-11-30,0.005117,-0.007214,0.000114
2010-12-31,0.067182,-0.038909,0.00014
2011-01-31,0.019183,-0.000224,6.6e-05
2011-02-28,0.038156,-0.000203,0.000122
2011-03-31,0.003341,-0.000481,6.7e-05
2011-04-30,0.028597,0.014547,5.3e-05
2011-05-31,-0.014948,0.024937,1.3e-05
2011-06-30,-0.018447,-0.005928,3.5e-05
2011-07-31,-0.022534,0.031082,-2.8e-05
2011-08-31,-0.057564,0.047503,8.3e-05
2011-09-30,-0.084983,0.029468,-1e-06
2011-10-31,0.114146,-0.012101,1.4e-05
2011-11-30,-0.00627,0.008685,4e-06
2011-12-31,0.003676,0.019019,0
2012-01-31,0.054106,0.008827,-2e-06
2012-02-29,0.041225,-0.010592,3.1e-05
2012-03-31,0.02402,-0.019458,4.6e-05
2012-04-30,-0.006829,0.028413,2.9e-05
2012-05-31,-0.06559,0.03144,6.5e-05
2012-06-30,0.038151,-0.006625,2.2e-05
2012-07-31,0.010307,0.015792,3.2e-05
2012-08-31,0.026317,-0.002442,5e-05
2012-09-30,0.026513,-0.006372,6.7e-05
2012-10-31,-0.014055,-0.002909,3.7e-05
2012-11-30,0.006217,0.00938,8.5e-05
2012-12-31,0.012569,-0.008797,0.000103
2013-01-31,0.054142,-0.014939,2.2e-05
2013-02-28,0.008282,0.011635,5.4e-05
2013-03-31,0.035295,0.003768,4.1e-05
2013-04-30,0.014939,0.017563,3.7e-05
2013-05-31,0.019128,-0.031221,1.2e-05
2013-06-30,-0.015072,-0.029891,1.3e-05
2013-07-31,0.052658,-0.004527,9e-06
2013-08-31,-0.02575,-0.012869,9e-06
2013-09-30,0.037497,0.017924,8e-06
2013-10-31,0.039889,0.006915,1.7e-05
2013-11-30,0.024956,-0.012242,3.2e-05
2013-12-31,0.02614,-0.021754,2.3e-05
2014-01-31,-0.03002,0.035655,1.2e-05
2014-02-28,0.046198,0.004406,4.5e-05
2014-03-31,0.00454,-0.003934,2.8e-05
2014-04-30,0.001573,0.008401,1.5e-05
2014-05-31,0.020254,0.019114,8e-06
2014-06-30,0.027973,-0.002418,2e-05
2014-07-31,-0.020555,-0.00016,1.3e-05
2014-08-31,0.040205,0.018782,3e-06
2014-09-30,-0.025196,-0.010631,4e-06
2014-10-31,0.021164,0.013129,1.2e-05
2014-11-30,0.021104,0.014195,-1e-06
2014-12-31,-0.003659,0.001414,5e-06
2015-01-31,-0.027163,0.042437,1.3e-05
2015-02-28,0.055915,-0.025087,-2.1e-05
2015-03-31,-0.010397,0.008165,-8e-06
2015-04-30,0.008766,-0.007956,2.9e-05
2015-05-31,0.010277,-0.003817,-5e-06
2015-06-30,-0.019231,-0.018369,4e-06
2015-07-31,0.012108,0.015146,-3.7e-05
2015-08-31,-0.059926,-0.001192,2.7e-05
2015-09-30,-0.033756,0.017817,-6e-06
2015-10-31,0.073937,-0.007517,-2.7e-05
2015-11-30,0.002404,-0.0035,2e-05
2015-12-31,-0.022209,-0.003769,0.000103
2016-01-31,-0.057085,0.02975,3.7e-05
2016-02-29,0.00062,0.016709,0.000205
2016-03-31,0.070491,-0.001442,0.00019
2016-04-30,0.011718,-0.004458,5.1e-05
2016-05-31,0.01434,0.001216,0.000115
2016-06-30,0.002947,0.033345,0.000188
2016-07-31,0.038815,0.003269,0.000171
2016-08-31,0.0028,-0.00794,0.000165
2016-09-30,0.003013,-0.001325,0.000219
2016-10-31,-0.021544,-0.015542,0.000168
2016-11-30,0.040488,-0.040878,0.000136
2016-12-31,0.018763,-0.003537,0.000239
2017-01-31,0.022153,0.002167,0.000358
2017-02-28,0.032598,0.007423,0.000364
2017-03-31,0.002062,0.002424,0.000353
2017-04-30,0.009655,0.011063,0.000537
2017-05-31,0.009335,0.007856,0.000614
2017-06-30,0.009571,-0.001307,0.000617
2017-07-31,0.020277,-7e-06,0.000722
2017-08-31,0.0016,0.017123,0.000827
2017-09-30,0.023729,-0.017151,0.000944
2017-10-31,0.019275,-0.001133,0.00084
2017-11-30,0.027231,-0.002607,0.000826
2017-12-31,0.012122,0.002222,0.000884
2018-01-31,0.050577,-0.023598,0.001121
2018-02-28,-0.039455,-0.013002,0.001073
2018-03-31,-0.018421,0.012783,0.000261
2018-04-30,0.004679,-0.015476,0.001433
2018-05-31,0.026146,0.009592,0.001401
2018-06-30,0.005359,0.00226,0.001408
2018-07-31,0.031573,-0.005108,0.001558
2018-08-31,0.030233,0.010064,0.001575
2018-09-30,0.000425,-0.014807,0.00149
2018-10-31,-0.074045,-0.004347,0.00189
2018-11-30,0.018512,0.014917,0.001795
2018-12-31,-0.08989,0.028561,0.00193
2019-01-31,0.088294,0.007138,0.00192
2019-02-28,0.032724,-0.004272,0.001809
2019-03-31,0.012962,0.029419,0.001935
2019-04-30,0.037893,-0.006214,0.002125
2019-05-31,-0.061679,0.031854,0.001983
2019-06-30,0.067279,0.012073,0.001853
2019-07-31,0.011854,0.003435,0.001783
2019-08-31,-0.020339,0.040344,0.001908
2019-09-30,0.016033,-0.013852,0.001787
2019-10-31,0.019257,-0.000742,0.001531
2019-11-30,0.034999,-0.00741,0.001197
2019-12-31,0.028489,-0.011292,0.001431
2020-01-31,-0.001728,0.039182,0.001164
2020-02-29,-0.077918,0.029902,0.001208
2020-03-31,-0.141733,0.039709,0.001268
2020-04-30,0.129674,0.005024,3e-06
2020-05-31,0.053739,0.000713,5.9e-05
2020-06-30,0.025299,0.000388,0.000111
2020-07-31,0.055531,0.012821,9.6e-05
2020-08-31,0.068442,-0.014709,7.9e-05
2020-09-30,-0.035056,0.00256,7.6e-05
2020-10-31,-0.020178,-0.01731,7.3e-05
2020-11-30,0.123707,0.004016,6.6e-05
2020-12-31,0.045048,-0.004965,6e-05
2021-01-31,-0.000631,-0.010713,4.6e-05
2021-02-28,0.029196,-0.025385,4.5e-05
2021-03-31,0.030573,-0.029342,2.7e-05
2021-04-30,0.04819,0.011851,1.4e-05
2021-05-31,0.007092,0.003441,5e-06
2021-06-30,0.023422,0.014084,4e-06
2021-07-31,0.011828,0.023829,3.1e-05
2021-08-31,0.027146,-0.004837,4.9e-05
2021-09-30,-0.042243,-0.015425,3.3e-05
2021-10-31,0.064651,-0.004896,3.7e-05
2021-11-30,-0.01835,0.012455,4.4e-05
2021-12-31,0.033341,-0.00475,6.7e-05
2022-01-31,-0.059822,-0.022542,4.4e-05
2022-02-28,-0.021838,-0.003021,2.8e-05
2022-03-31,0.030506,-0.043484,6e-05
2022-04-30,-0.089387,-0.049388,3.7e-05
2022-05-31,-0.002113,0.01002,0.000307
2022-06-30,-0.083998,-0.012064,0.000567
2022-07-31,0.090351,0.033719,0.000812
2022-08-31,-0.036233,-0.043289,0.001901
2022-09-30,-0.091323,-0.050056,0.001929
2022-10-31,0.077394,-0.014968,0.002327
2022-11-30,0.052354,0.040789,0.002856
2022-12-31,-0.057119,-0.018566,0.003379
2023-01-31,0.071823,0.033276,0.003506
2023-02-28,-0.024666,-0.031097,0.00345
2023-03-31,0.02395,0.041575,0.003638
2023-04-30,0.008976,0.006259,0.00364
2023-05-31,0.000708,-0.01559,0.003662
2023-06-30,0.066183,-0.01299,0.004078
2023-07-31,0.035624,-0.00676,0.004391
2023-08-31,-0.020605,-0.009085,0.004537
2023-09-30,-0.04739,-0.033463,0.004267
2023-10-31,-0.028867,-0.024254,0.004715
2023-11-30,0.092057,0.052006,0.004424
2023-12-31,0.053468,0.039682,0.004266
